carparkNo,weekdayRate,lotType,satdayRate,sunPHRate,startTime,totalCapacity,endTime
S0055,0.75,C,0.75,0.75,07.00 AM,105,02.00 PM
A0011,1.4,C,1.4,0.6,11.00 AM,45,02.00 PM
C0133,1.5,C,1.5,0.6,11.00 AM,69,02.00 PM
B0032,0.7,C,0.7,0.7,11.00 AM,117,02.00 PM
A0028,0.6,C,0.6,0,08.30 AM,19,05.00 PM
A0034,0.6,C,0.6,0,08.30 AM,12,05.00 PM
B0001,0.6,C,0.6,0,08.30 AM,11,05.00 PM
B0001,0.65,M,0.65,0,08.30 AM,5,05.00 PM
B0042,0.6,C,0.6,0,08.30 AM,14,05.00 PM
B0067,0.6,C,0.6,0,08.30 AM,15,05.00 PM
B0090,0.6,C,0.6,0,08.30 AM,48,05.00 PM
BL001,0.65,M,0.65,0,08.30 AM,5,05.00 PM
BL011,0.65,M,0.65,0,08.30 AM,43,05.00 PM
BL046,0.65,M,0.65,0,08.30 AM,9,05.00 PM
C0039,0.6,C,0.6,0,08.30 AM,10,05.00 PM
C0041,0.6,C,0.6,0,08.30 AM,53,05.00 PM
C0045,0.6,C,0.6,0,08.30 AM,29,05.00 PM
C0053,0.6,C,0.6,0,08.30 AM,12,05.00 PM
C0057,0.6,C,0.6,0,08.30 AM,10,05.00 PM
C0120,0.6,C,0.6,0,08.30 AM,18,05.00 PM
C0126,0.6,C,0.6,0,08.30 AM,12,05.00 PM
C0126,0.65,M,0.65,0,08.30 AM,18,05.00 PM
C0128,0.6,C,0.6,0,08.30 AM,28,05.00 PM
C0128,0.65,M,0.65,0,08.30 AM,12,05.00 PM
C0129,0.6,C,0.6,0,08.30 AM,58,05.00 PM
C0129,0.65,M,0.65,0,08.30 AM,4,05.00 PM
C0130,0.6,C,0.6,0,08.30 AM,77,05.00 PM
C0130,0.65,M,0.65,0,08.30 AM,20,05.00 PM
C0151,0.6,C,0.6,0,08.30 AM,62,05.00 PM
C0151,1.2,H,1.2,0,08.30 AM,0,05.00 PM
C0152,0.6,C,0.6,0,08.30 AM,21,05.00 PM
C0153,0.6,C,0.6,0,08.30 AM,37,05.00 PM
C0154,0.6,C,0.6,0,08.30 AM,79,05.00 PM
C0154,1.2,H,1.2,0,08.30 AM,2,05.00 PM
C0155,0.6,C,0.6,0,08.30 AM,39,05.00 PM
C0156,0.6,C,0.6,0,08.30 AM,33,05.00 PM
E0033,0.6,C,0.6,0,08.30 AM,4,05.00 PM
E0033,1.2,H,1.2,0,08.30 AM,1,05.00 PM
F0001,1.2,C,1.2,0,08.30 AM,46,05.00 PM
F0001,0.65,M,0.65,0,08.30 AM,4,05.00 PM
F0021,0.6,C,0.6,0,08.30 AM,31,05.00 PM
F0022,1.2,C,1.2,0,08.30 AM,24,05.00 PM
F0022,0.65,M,0.65,0,08.30 AM,8,05.00 PM
F0025,0.6,C,0.6,0,08.30 AM,23,05.00 PM
F0026,0.6,C,0.6,0,08.30 AM,14,05.00 PM
F0027,1.2,C,1.2,0,08.30 AM,58,05.00 PM
F0027,2.4,H,2.4,0,08.30 AM,5,05.00 PM
G0002,0.6,C,0.6,0,08.30 AM,168,05.00 PM
G0018,0.6,C,0.6,0,08.30 AM,43,05.00 PM
G0021,0.6,C,0.6,0,08.30 AM,23,05.00 PM
G0022,0.6,C,0.6,0,08.30 AM,2,05.00 PM
G0026,0.6,C,0.6,0,08.30 AM,35,05.00 PM
G0027,0.6,C,0.6,0,08.30 AM,45,05.00 PM
G0028,0.6,C,0.6,0,08.30 AM,39,05.00 PM
G0029,0.6,C,0.6,0,08.30 AM,21,05.00 PM
G0030,0.6,C,0.6,0,08.30 AM,8,05.00 PM
G0032,0.6,C,0.6,0,08.30 AM,4,05.00 PM
G0033,0.6,C,0.6,0,08.30 AM,4,05.00 PM
G0034,0.6,C,0.6,0,08.30 AM,16,05.00 PM
G0035,0.6,C,0.6,0,08.30 AM,10,05.00 PM
G0036,0.6,C,0.6,0,08.30 AM,8,05.00 PM
G0037,0.6,C,0.6,0,08.30 AM,40,05.00 PM
G0038,0.6,C,0.6,0,08.30 AM,86,05.00 PM
G0038,0.65,M,0.65,0,08.30 AM,165,05.00 PM
H0021,0.6,C,0.6,0,08.30 AM,10,05.00 PM
H0049,0.6,C,0.6,0,08.30 AM,8,05.00 PM
H0050,0.6,C,0.6,0,08.30 AM,7,05.00 PM
H0052,0.6,C,0.6,0,08.30 AM,4,05.00 PM
H0061,0.6,C,0.6,0,08.30 AM,9,05.00 PM
I0005,0.6,C,0.6,0,08.30 AM,6,05.00 PM
I0006,0.6,C,0.6,0,08.30 AM,11,05.00 PM
I0006,0.65,M,0.65,0,08.30 AM,10,05.00 PM
J0020,0.6,C,0.6,0,08.30 AM,15,05.00 PM
J0021,0.6,C,0.6,0,08.30 AM,22,05.00 PM
J0027,0.6,C,0.6,0,08.30 AM,41,05.00 PM
J0033,0.6,C,0.6,0,08.30 AM,37,05.00 PM
J0037,0.6,C,0.6,0,08.30 AM,11,05.00 PM
J0047,0.6,C,0.6,0,08.30 AM,8,05.00 PM
J0070,0.6,C,0.6,0,08.30 AM,21,05.00 PM
J0088,0.6,C,0.6,0,08.30 AM,20,05.00 PM
J0093,0.6,C,0.6,0,08.30 AM,22,05.00 PM
J0094,0.6,C,0.6,0,08.30 AM,8,05.00 PM
J0095,0.6,C,0.6,0,08.30 AM,25,05.00 PM
J0098,0.6,C,0.6,0,08.30 AM,8,05.00 PM
J0109,0.6,C,0.6,0,08.30 AM,5,05.00 PM
J0111,0.6,C,0.6,0,08.30 AM,6,05.00 PM
J0112,0.6,C,0.6,0,08.30 AM,9,05.00 PM
J0117,0.6,C,0.6,0,08.30 AM,12,05.00 PM
K0052,0.6,C,0.6,0,08.30 AM,48,05.00 PM
K0054,0.6,C,0.6,0,08.30 AM,6,05.00 PM
K0057,0.6,C,0.6,0,08.30 AM,80,05.00 PM
K0061,0.6,C,0.6,0,08.30 AM,5,05.00 PM
K0093,0.6,C,0.6,0,08.30 AM,22,05.00 PM
K0093,0.65,M,0.65,0,08.30 AM,3,05.00 PM
K0097,0.6,C,0.6,0,08.30 AM,14,05.00 PM
K0110,0.6,C,0.6,0,08.30 AM,17,05.00 PM
K0114,0.6,C,0.6,0,08.30 AM,16,05.00 PM
K0114,1.2,H,1.2,0,08.30 AM,3,05.00 PM
L0004,0.6,C,0.6,0,08.30 AM,13,05.00 PM
L0008,0.6,C,0.6,0,08.30 AM,28,05.00 PM
L0011,0.6,C,0.6,0,08.30 AM,23,05.00 PM
L0013,0.6,C,0.6,0,08.30 AM,26,05.00 PM
L0014,0.6,C,0.6,0,08.30 AM,12,05.00 PM
L0015,0.6,C,0.6,0,08.30 AM,31,05.00 PM
L0016,0.6,C,0.6,0,08.30 AM,9,05.00 PM
L0018,0.6,C,0.6,0,08.30 AM,22,05.00 PM
L0019,0.6,C,0.6,0,08.30 AM,19,05.00 PM
L0020,0.6,C,0.6,0,08.30 AM,20,05.00 PM
L0021,0.6,C,0.6,0,08.30 AM,44,05.00 PM
L0022,0.6,C,0.6,0,08.30 AM,22,05.00 PM
L0023,0.6,C,0.6,0,08.30 AM,12,05.00 PM
L0024,0.6,C,0.6,0,08.30 AM,27,05.00 PM
L0025,0.6,C,0.6,0,08.30 AM,8,05.00 PM
L0026,0.6,C,0.6,0,08.30 AM,38,05.00 PM
L0027,0.6,C,0.6,0,08.30 AM,8,05.00 PM
L0028,0.6,C,0.6,0,08.30 AM,24,05.00 PM
L0029,0.6,C,0.6,0,08.30 AM,121,05.00 PM
L0030,0.6,C,0.6,0,08.30 AM,13,05.00 PM
L0031,0.6,C,0.6,0,08.30 AM,2,05.00 PM
L0032,0.6,C,0.6,0,08.30 AM,54,05.00 PM
L0033,0.6,C,0.6,0,08.30 AM,19,05.00 PM
L0034,0.6,C,0.6,0,08.30 AM,53,05.00 PM
L0035,0.6,C,0.6,0,08.30 AM,36,05.00 PM
L0036,0.6,C,0.6,0,08.30 AM,29,05.00 PM
L0037,0.6,C,0.6,0,08.30 AM,12,05.00 PM
L0038,0.6,C,0.6,0,08.30 AM,26,05.00 PM
L0039,0.6,C,0.6,0,08.30 AM,18,05.00 PM
L0040,0.6,C,0.6,0,08.30 AM,36,05.00 PM
L0041,0.6,C,0.6,0,08.30 AM,23,05.00 PM
L0042,0.6,C,0.6,0,08.30 AM,20,05.00 PM
L0043,0.6,C,0.6,0,08.30 AM,16,05.00 PM
L0044,0.6,C,0.6,0,08.30 AM,25,05.00 PM
L0045,0.6,C,0.6,0,08.30 AM,12,05.00 PM
L0046,0.6,C,0.6,0,08.30 AM,20,05.00 PM
L0047,0.6,C,0.6,0,08.30 AM,14,05.00 PM
L0048,0.6,C,0.6,0,08.30 AM,14,05.00 PM
L0049,0.6,C,0.6,0,08.30 AM,19,05.00 PM
L0050,0.6,C,0.6,0,08.30 AM,9,05.00 PM
L0051,0.6,C,0.6,0,08.30 AM,19,05.00 PM
L0052,0.6,C,0.6,0,08.30 AM,21,05.00 PM
L0053,0.6,C,0.6,0,08.30 AM,44,05.00 PM
L0056,0.6,C,0.6,0,08.30 AM,5,05.00 PM
L0057,0.6,C,0.6,0,08.30 AM,5,05.00 PM
L0060,0.6,C,0.6,0,08.30 AM,50,05.00 PM
L0065,0.6,C,0.6,0,08.30 AM,4,05.00 PM
L0074,0.6,C,0.6,0,08.30 AM,8,05.00 PM
L0092,0.6,C,0.6,0,08.30 AM,6,05.00 PM
L0113,0.6,C,0.6,0,08.30 AM,4,05.00 PM
L0115,0.6,C,0.6,0,08.30 AM,64,05.00 PM
L0118,0.6,C,0.6,0,08.30 AM,11,05.00 PM
M0009,1.2,C,1.2,0,08.30 AM,0,05.00 PM
M0055,0.6,C,0.6,0,08.30 AM,30,05.00 PM
M0058,0.6,C,0.6,0,08.30 AM,28,05.00 PM
M0066,0.6,C,0.6,0,08.30 AM,10,05.00 PM
M0074,0.6,C,0.6,0,08.30 AM,7,05.00 PM
N0005,0.6,C,0.6,0,08.30 AM,10,05.00 PM
O0004,0.6,C,0.6,0,08.30 AM,52,05.00 PM
O0005,0.6,C,0.6,0,08.30 AM,17,05.00 PM
O0026,0.6,C,0.6,0,08.30 AM,46,05.00 PM
P0024,0.6,C,0.6,0,08.30 AM,23,05.00 PM
P0025,0.6,C,0.6,0,08.30 AM,3,05.00 PM
P0031,0.6,C,0.6,0,08.30 AM,30,05.00 PM
P0031,0.65,M,0.65,0,08.30 AM,5,05.00 PM
P0035,0.6,C,0.6,0,08.30 AM,58,05.00 PM
P0036,0.6,C,0.6,0,08.30 AM,11,05.00 PM
P0076,0.6,C,0.6,0,08.30 AM,91,05.00 PM
P0077,0.6,C,0.6,0,08.30 AM,15,05.00 PM
P0081,0.6,C,0.6,0,08.30 AM,104,05.00 PM
P0081,0.65,M,0.65,0,08.30 AM,65,05.00 PM
P0082,0.6,C,0.6,0,08.30 AM,63,05.00 PM
P0082,0.65,M,0.65,0,08.30 AM,104,05.00 PM
P0083,0.6,C,0.6,0,08.30 AM,18,05.00 PM
P0083,0.65,M,0.65,0,08.30 AM,15,05.00 PM
P0095,0.6,C,0.6,0,08.30 AM,11,05.00 PM
P0099,0.6,C,0.6,0,08.30 AM,25,05.00 PM
Q0004,0.6,C,0.6,0,08.30 AM,30,05.00 PM
R0028,0.6,C,0.6,0,08.30 AM,19,05.00 PM
S0027,0.6,C,0.6,0,08.30 AM,4,05.00 PM
S0039,0.6,C,0.6,0,08.30 AM,10,05.00 PM
S0040,0.6,C,0.6,0,08.30 AM,8,05.00 PM
S0043,0.6,C,0.6,0,08.30 AM,21,05.00 PM
S0048,0.6,C,0.6,0,08.30 AM,15,05.00 PM
S0050,0.6,C,0.6,0,08.30 AM,12,05.00 PM
S0076,0.6,C,0.6,0,08.30 AM,22,05.00 PM
S0078,0.6,C,0.6,0,08.30 AM,10,05.00 PM
S0082,0.6,C,0.6,0,08.30 AM,18,05.00 PM
S0083,0.6,C,0.6,0,08.30 AM,7,05.00 PM
S0084,0.6,C,0.6,0,08.30 AM,38,05.00 PM
S0085,0.6,C,0.6,0,08.30 AM,15,05.00 PM
S0086,0.6,C,0.6,0,08.30 AM,59,05.00 PM
S0088,0.6,C,0.6,0,08.30 AM,20,05.00 PM
S0092,0.6,C,0.6,0,08.30 AM,26,05.00 PM
S0098,0.6,C,0.6,0,08.30 AM,126,05.00 PM
S0103,0.6,C,0.6,0,08.30 AM,9,05.00 PM
S0105,0.6,C,0.6,0,08.30 AM,56,05.00 PM
S0119,0.6,C,0.6,0,08.30 AM,10,05.00 PM
S0130,0.6,C,0.6,0,08.30 AM,6,05.00 PM
S0134,0.6,C,0.6,0,08.30 AM,8,05.00 PM
S0135,0.6,C,0.6,0,08.30 AM,20,05.00 PM
S0143,0.6,C,0.6,0,08.30 AM,5,05.00 PM
S0146,0.6,C,0.6,0,08.30 AM,36,05.00 PM
S0146,0.65,M,0.65,0,08.30 AM,11,05.00 PM
S0148,0.6,C,0.6,0,08.30 AM,9,05.00 PM
S0149,0.6,C,0.6,0,08.30 AM,9,05.00 PM
S0158,0.6,C,0.6,0,08.30 AM,23,05.00 PM
S0158,0.65,M,0.65,0,08.30 AM,22,05.00 PM
T0019,0.6,C,0.6,0,08.30 AM,11,05.00 PM
T0025,0.6,C,0.6,0,08.30 AM,12,05.00 PM
T0025,0.65,M,0.65,0,08.30 AM,10,05.00 PM
T0031,0.6,C,0.6,0,08.30 AM,15,05.00 PM
T0039,0.6,C,0.6,0,08.30 AM,36,05.00 PM
T0039,0.65,M,0.65,0,08.30 AM,5,05.00 PM
T0040,0.6,C,0.6,0,08.30 AM,41,05.00 PM
T0061,0.6,C,0.6,0,08.30 AM,30,05.00 PM
T0076,0.6,C,0.6,0,08.30 AM,10,05.00 PM
T0077,0.6,C,0.6,0,08.30 AM,38,05.00 PM
T0079,0.6,C,0.6,0,08.30 AM,10,05.00 PM
T0080,0.6,C,0.6,0,08.30 AM,32,05.00 PM
T0081,0.6,C,0.6,0,08.30 AM,19,05.00 PM
T0082,0.6,C,0.6,0,08.30 AM,10,05.00 PM
T0083,0.6,C,0.6,0,08.30 AM,13,05.00 PM
T0084,0.6,C,0.6,0,08.30 AM,16,05.00 PM
T0088,0.6,C,0.6,0,08.30 AM,32,05.00 PM
T0090,0.6,C,0.6,0,08.30 AM,11,05.00 PM
T0091,0.6,C,0.6,0,08.30 AM,10,05.00 PM
T0094,0.6,C,0.6,0,08.30 AM,15,05.00 PM
T0096,0.6,C,0.6,0,08.30 AM,39,05.00 PM
T0102,0.6,C,0.6,0,08.30 AM,29,05.00 PM
T0111,0.6,C,0.6,0,08.30 AM,11,05.00 PM
T0113,0.6,C,0.6,0,08.30 AM,9,05.00 PM
T0117,0.6,C,0.6,0,08.30 AM,63,05.00 PM
T0123,0.6,C,0.6,0,08.30 AM,25,05.00 PM
T0142,0.6,C,0.6,0,08.30 AM,5,05.00 PM
U0029,0.6,C,0.6,0,08.30 AM,7,05.00 PM
U0035,0.6,C,0.6,0,08.30 AM,23,05.00 PM
U0040,0.6,C,0.6,0,08.30 AM,15,05.00 PM
W0010,0.6,C,0.6,0,08.30 AM,6,05.00 PM
W0021,0.6,C,0.6,0,08.30 AM,37,05.00 PM
W0034,0.6,C,0.6,0,08.30 AM,27,05.00 PM
W0035,0.6,C,0.6,0,08.30 AM,22,05.00 PM
W0036,0.6,C,0.6,0,08.30 AM,34,05.00 PM
W0037,0.6,C,0.6,0,08.30 AM,30,05.00 PM
W0038,0.6,C,0.6,0,08.30 AM,44,05.00 PM
W0046,0.6,C,0.6,0,08.30 AM,20,05.00 PM
W0047,0.6,C,0.6,0,08.30 AM,72,05.00 PM
W0048,0.6,C,0.6,0,08.30 AM,45,05.00 PM
W0049,0.6,C,0.6,0,08.30 AM,33,05.00 PM
W0049,0.65,M,0.65,0,08.30 AM,6,05.00 PM
W0051,0.6,C,0.6,0,08.30 AM,10,05.00 PM
A0011,1.4,C,1.4,0.75,02.00 PM,45,05.00 PM
B0087,0.75,C,0.75,0.75,11.00 AM,25,05.00 PM
C0133,1.5,C,1.5,0.75,02.00 PM,69,05.00 PM
P0111,0.75,C,0.75,0.75,11.00 AM,32,05.00 PM
Q0006,1.4,C,1.4,0.75,07.00 AM,91,05.00 PM
A0006,1.2,C,1.2,0.6,08.30 AM,81,05.00 PM
A0008,1.2,C,1.2,0.6,08.30 AM,26,05.00 PM
A0021,1.5,C,1.2,0.6,07.00 AM,16,05.00 PM
A0035,0.75,C,0.6,0.6,11.00 AM,50,05.00 PM
B0005,1.2,C,1.2,0.6,08.30 AM,29,05.00 PM
B0018,1.2,C,1.2,0.6,08.30 AM,35,05.00 PM
B0045,1.2,C,1.2,0.6,07.00 AM,43,05.00 PM
B0052,1.2,C,1.2,0.6,08.30 AM,22,05.00 PM
B0073,1.2,C,1.2,0.6,08.30 AM,17,05.00 PM
C0004,1.2,C,1.2,0.6,08.30 AM,35,05.00 PM
C0018,1.2,C,1.2,0.6,08.30 AM,35,05.00 PM
C0022,1.2,C,1.2,0.6,08.30 AM,27,05.00 PM
C0036,1.2,C,1.2,0.6,08.30 AM,4,05.00 PM
C0038,1.2,C,1.2,0.6,08.30 AM,10,05.00 PM
C0058,1.2,C,1.2,0.6,08.30 AM,15,05.00 PM
C0063,1.2,C,1.2,0.6,08.30 AM,4,05.00 PM
C0110,1.2,C,1.2,0.6,08.30 AM,5,05.00 PM
C0162,1.2,C,1.2,0.6,07.00 AM,31,05.00 PM
D0001,1.2,C,1.2,0.6,08.30 AM,9,05.00 PM
D0002,1.2,C,1.2,0.6,08.30 AM,10,05.00 PM
D0006,1.2,C,1.2,0.6,07.00 AM,58,05.00 PM
D0010,1.2,C,1.2,0.6,08.30 AM,42,05.00 PM
E0009,1.2,C,1.2,0.6,07.00 AM,35,05.00 PM
E0011,1.2,C,1.2,0.6,07.00 AM,9,05.00 PM
E0022,1.2,C,1.2,0.6,07.00 AM,13,05.00 PM
G0040,1.2,C,1.2,0.6,08.30 AM,7,05.00 PM
H0007,1.2,C,1.2,0.6,07.00 AM,3,05.00 PM
H0012,1.2,C,1.2,0.6,08.30 AM,32,05.00 PM
H0022,1.2,C,1.2,0.6,07.00 AM,24,05.00 PM
H0024,1.2,C,1.2,0.6,07.00 AM,23,05.00 PM
J0018,1.2,C,1.2,0.6,08.30 AM,12,05.00 PM
K0008,1.2,C,1.2,0.6,08.30 AM,68,05.00 PM
K0010,1.2,C,1.2,0.6,08.30 AM,27,05.00 PM
K0039,0.75,C,0.6,0.6,11.00 AM,60,05.00 PM
K0108,1.2,C,1.2,0.6,07.00 AM,99,05.00 PM
L0003,1.2,C,1.2,0.6,08.30 AM,45,05.00 PM
L0005,1.2,C,1.2,0.6,08.30 AM,14,05.00 PM
L0009,1.2,C,1.2,0.6,08.30 AM,25,05.00 PM
M0006,1.2,C,1.2,0.6,08.30 AM,11,05.00 PM
M0011,1.2,C,1.2,0.6,08.30 AM,61,05.00 PM
M0017,1.2,C,1.2,0.6,08.30 AM,13,05.00 PM
M0026,1.2,C,1.2,0.6,08.30 AM,6,05.00 PM
M0043,1.2,C,1.2,0.6,08.30 AM,2,05.00 PM
M0084,1.2,C,1.2,0.6,07.00 AM,44,05.00 PM
N0006,1.2,C,1.2,0.6,07.00 AM,15,05.00 PM
N0010,1.2,C,1.2,0.6,08.30 AM,15,05.00 PM
N0013,0.75,C,0.6,0.6,11.00 AM,92,05.00 PM
N0014,1.2,C,1.2,0.6,08.30 AM,24,05.00 PM
N0020,1.2,C,1.2,0.6,08.30 AM,0,05.00 PM
N0047,1.2,C,1.2,0.6,08.30 AM,7,05.00 PM
P0006,1.2,C,1.2,0.6,08.30 AM,4,05.00 PM
P0009,1.2,C,1.2,0.6,08.30 AM,14,05.00 PM
P0013,1.5,C,1.2,0.6,11.00 AM,84,05.00 PM
P0015,1.2,C,1.2,0.6,08.30 AM,50,05.00 PM
P0018,1.2,C,1.2,0.6,08.30 AM,44,05.00 PM
P0117,1.5,C,1.2,0.6,11.00 AM,150,05.00 PM
Q0001,1.2,C,1.2,0.6,08.30 AM,6,05.00 PM
S0002,1.2,C,1.2,0.6,08.30 AM,8,05.00 PM
S0009,1.2,C,1.2,0.6,08.30 AM,18,05.00 PM
S0011,1.2,C,1.2,0.6,08.30 AM,4,05.00 PM
S0015,1.2,C,1.2,0.6,08.30 AM,23,05.00 PM
S0032,1.2,C,1.2,0.6,07.00 AM,32,05.00 PM
S0035,1.2,C,1.2,0.6,08.30 AM,8,05.00 PM
S0102,1.2,C,1.2,0.6,07.00 AM,10,05.00 PM
T0002,1.2,C,1.2,0.6,08.30 AM,26,05.00 PM
T0006,1.2,C,1.2,0.6,08.30 AM,14,05.00 PM
T0008,1.2,C,1.2,0.6,08.30 AM,49,05.00 PM
T0009,1.2,C,1.2,0.6,08.30 AM,61,05.00 PM
T0010,1.2,C,1.2,0.6,08.30 AM,14,05.00 PM
T0014,1.2,C,1.2,0.6,08.30 AM,66,05.00 PM
T0144,1.2,C,1.2,0.6,08.30 AM,31,05.00 PM
U0002,1.2,C,1.2,0.6,08.30 AM,22,05.00 PM
U0017,1.2,C,1.2,0.6,08.30 AM,28,05.00 PM
W0001,1.2,C,1.2,0.6,08.30 AM,9,05.00 PM
W0002,1.2,C,1.2,0.6,08.30 AM,17,05.00 PM
W0004,1.2,C,1.2,0.6,08.30 AM,16,05.00 PM
Y0002,1.2,C,1.2,0.6,08.30 AM,13,05.00 PM
Y0019,1.2,C,1.2,0.6,07.00 AM,15,05.00 PM
A0006,2.4,H,2.4,1.2,08.30 AM,1,05.00 PM
A0008,2.4,H,2.4,1.2,08.30 AM,0,05.00 PM
B0005,2.4,H,2.4,1.2,08.30 AM,20,05.00 PM
C0036,2.4,H,2.4,1.2,08.30 AM,2,05.00 PM
C0038,2.4,H,2.4,1.2,08.30 AM,2,05.00 PM
C0063,2.4,H,2.4,1.2,08.30 AM,3,05.00 PM
D0010,2.4,H,2.4,1.2,08.30 AM,2,05.00 PM
F0013,1.2,H,1.2,1.2,07.00 AM,13,05.00 PM
H0012,2.4,H,2.4,1.2,08.30 AM,5,05.00 PM
M0011,2.4,H,2.4,1.2,08.30 AM,5,05.00 PM
P0006,2.4,H,2.4,1.2,08.30 AM,3,05.00 PM
P0015,2.4,H,2.4,1.2,08.30 AM,4,05.00 PM
Q0001,2.4,H,2.4,1.2,08.30 AM,0,05.00 PM
R0040,2.4,H,2.4,1.2,07.00 AM,51,05.00 PM
S0015,2.4,H,2.4,1.2,08.30 AM,2,05.00 PM
S0035,2.4,H,2.4,1.2,08.30 AM,2,05.00 PM
S0086,1.2,H,1.2,1.2,07.00 AM,9,05.00 PM
T0008,2.4,H,2.4,1.2,08.30 AM,4,05.00 PM
T0100,1.2,H,1.2,1.2,07.00 AM,8,05.00 PM
Y0002,2.4,H,2.4,1.2,08.30 AM,0,05.00 PM
P0096,1.2,C,1.2,0.7,07.00 AM,19,05.00 PM
A0007,1.5,C,1.5,0.8,11.00 AM,268,05.00 PM
B0023,0.6,C,0.6,0,10.30 PM,41,07.00 AM
J0030,0.6,C,0.6,0,10.30 PM,5,07.00 AM
J0038,0.6,C,0.6,0,10.30 PM,31,07.00 AM
J0039,0.6,C,0.6,0,10.30 PM,28,07.00 AM
J0040,0.6,C,0.6,0,10.30 PM,18,07.00 AM
J0041,0.6,C,0.6,0,10.30 PM,19,07.00 AM
J0042,0.6,C,0.6,0,10.30 PM,4,07.00 AM
J0043,0.6,C,0.6,0,10.30 PM,4,07.00 AM
K0120,0.6,C,0.6,0,10.30 PM,26,07.00 AM
O0007,0.6,C,0.6,0,10.30 PM,13,07.00 AM
S0074,0.6,C,0.6,0,10.30 PM,30,07.00 AM
W0045,0.6,C,0.6,0,10.30 PM,15,07.00 AM
H0004,5,C,5,5,10.30 PM,84,07.00 AM
H0011,5,C,5,5,10.30 PM,270,07.00 AM
H0055,5,C,5,5,10.30 PM,24,07.00 AM
J0050,5,C,5,5,10.30 PM,23,07.00 AM
J0051,5,C,5,5,10.30 PM,20,07.00 AM
J0092,5,C,5,5,10.30 PM,52,07.00 AM
J0099,5,C,5,5,10.30 PM,9,07.00 AM
J0100,5,C,5,5,10.30 PM,54,07.00 AM
L0064,5,C,5,5,10.30 PM,35,07.00 AM
L0104,5,C,5,5,10.30 PM,167,07.00 AM
L0107,5,C,5,5,10.30 PM,25,07.00 AM
L0116,5,C,5,5,10.30 PM,29,07.00 AM
L0123,5,C,5,5,10.30 PM,56,07.00 AM
L0124,5,C,5,5,10.30 PM,28,07.00 AM
L0125,5,C,5,5,10.30 PM,51,07.00 AM
S0049,5,C,5,5,10.30 PM,112,07.00 AM
T0062,5,C,5,5,10.30 PM,8,07.00 AM
T0129,5,C,5,5,10.30 PM,378,07.00 AM
U0045,5,C,5,5,10.30 PM,15,07.00 AM
T0129,10,H,10,10,10.30 PM,11,07.00 AM
A0011,0.6,C,0.6,0.6,10.30 PM,45,07.00 AM
A0017,0.6,C,0.6,0.6,10.30 PM,148,07.00 AM
A0021,0.6,C,0.6,0.6,10.30 PM,16,07.00 AM
A0024,0.6,C,0.6,0.6,10.30 PM,64,07.00 AM
A0035,0.6,C,0.6,0.6,10.30 PM,50,07.00 AM
A0036,0.6,C,0.6,0.6,10.30 PM,15,07.00 AM
A0037,0.6,C,0.6,0.6,10.30 PM,11,07.00 AM
A0046,0.6,C,0.6,0.6,10.30 PM,13,07.00 AM
A0048,0.6,C,0.6,0.6,10.30 PM,45,07.00 AM
A0054,0.6,C,0.6,0.6,10.30 PM,62,07.00 AM
A0057,0.6,C,0.6,0.6,10.30 PM,9,07.00 AM
B0031,0.6,C,0.6,0.6,10.30 PM,17,07.00 AM
B0032,0.6,C,0.6,0.6,10.30 PM,117,07.00 AM
B0063,0.6,C,0.6,0.6,10.30 PM,106,07.00 AM
B0087,0.6,C,0.6,0.6,10.30 PM,25,07.00 AM
B0088,0.6,C,0.6,0.6,10.30 PM,105,07.00 AM
B0099,0.6,C,0.6,0.6,10.30 PM,19,07.00 AM
C0119,0.6,C,0.6,0.6,10.30 PM,23,07.00 AM
C0133,0.6,C,0.6,0.6,10.30 PM,69,07.00 AM
C0134,0.6,C,0.6,0.6,10.30 PM,67,07.00 AM
C0142,0.6,C,0.6,0.6,10.30 PM,10,07.00 AM
C0148,0.6,C,0.6,0.6,10.30 PM,241,07.00 AM
C0162,0.6,C,0.6,0.6,10.30 PM,31,07.00 AM
D0006,0.6,C,0.6,0.6,10.30 PM,58,07.00 AM
D0026,0.6,C,0.6,0.6,10.30 PM,43,07.00 AM
D0028,0.6,C,0.6,0.6,10.30 PM,74,07.00 AM
E0009,0.6,C,0.6,0.6,10.30 PM,35,07.00 AM
E0011,0.6,C,0.6,0.6,10.30 PM,9,07.00 AM
E0023,0.6,C,0.6,0.6,10.30 PM,42,07.00 AM
E0024,0.6,C,0.6,0.6,10.30 PM,353,07.00 AM
E0027,0.6,C,0.6,0.6,10.30 PM,549,07.00 AM
F0029,0.6,C,0.6,0.6,10.30 PM,30,07.00 AM
H0003,0.6,C,0.6,0.6,10.30 PM,22,07.00 AM
H0007,0.6,C,0.6,0.6,10.30 PM,3,07.00 AM
H0015,0.6,C,0.6,0.6,10.30 PM,12,07.00 AM
H0022,0.6,C,0.6,0.6,10.30 PM,24,07.00 AM
H0024,0.6,C,0.6,0.6,10.30 PM,23,07.00 AM
H0057,0.6,C,0.6,0.6,10.30 PM,13,07.00 AM
J0015,0.6,C,0.6,0.6,10.30 PM,5,07.00 AM
J0017,0.6,C,0.6,0.6,10.30 PM,99,07.00 AM
J0054,0.6,C,0.6,0.6,10.30 PM,37,07.00 AM
J0055,0.6,C,0.6,0.6,10.30 PM,134,07.00 AM
J0122,0.6,C,0.6,0.6,10.30 PM,207,07.00 AM
J0127,0.6,C,0.6,0.6,10.30 PM,8,07.00 AM
J0132,0.6,C,0.6,0.6,10.30 PM,43,07.00 AM
K0022,0.6,C,0.6,0.6,10.30 PM,16,07.00 AM
K0034,0.6,C,0.6,0.6,10.30 PM,28,07.00 AM
K0037,0.6,C,0.6,0.6,10.30 PM,22,07.00 AM
K0039,0.6,C,0.6,0.6,10.30 PM,60,07.00 AM
K0081,0.6,C,0.6,0.6,10.30 PM,25,07.00 AM
K0082,0.6,C,0.6,0.6,10.30 PM,29,07.00 AM
K0087,0.6,C,0.6,0.6,10.30 PM,22,07.00 AM
K0091,0.6,C,0.6,0.6,10.30 PM,38,07.00 AM
K0111,0.6,C,0.6,0.6,10.30 PM,122,07.00 AM
K0115,0.6,C,0.6,0.6,10.30 PM,14,07.00 AM
K0121,0.6,C,0.6,0.6,10.30 PM,57,07.00 AM
L0077,0.6,C,0.6,0.6,10.30 PM,24,07.00 AM
L0078,0.6,C,0.6,0.6,10.30 PM,23,07.00 AM
L0117,0.6,C,0.6,0.6,10.30 PM,105,07.00 AM
M0040,0.6,C,0.6,0.6,10.30 PM,108,07.00 AM
M0059,0.6,C,0.6,0.6,10.30 PM,82,07.00 AM
M0076,0.6,C,0.6,0.6,10.30 PM,111,07.00 AM
M0078,0.6,C,0.6,0.6,10.30 PM,258,07.00 AM
M0084,0.6,C,0.6,0.6,10.30 PM,44,07.00 AM
M0088,0.6,C,0.6,0.6,10.30 PM,49,07.00 AM
N0006,0.6,C,0.6,0.6,10.30 PM,15,07.00 AM
N0012,0.6,C,0.6,0.6,10.30 PM,64,07.00 AM
N0013,0.6,C,0.6,0.6,10.30 PM,92,07.00 AM
O0028,0.6,C,0.6,0.6,10.30 PM,39,07.00 AM
P0013,0.6,C,0.6,0.6,10.30 PM,84,07.00 AM
P0033,0.6,C,0.6,0.6,10.30 PM,270,07.00 AM
P0048,0.6,C,0.6,0.6,10.30 PM,19,07.00 AM
P0054,0.6,C,0.6,0.6,10.30 PM,58,07.00 AM
P0075,0.6,C,0.6,0.6,10.30 PM,29,07.00 AM
P0078,0.6,C,0.6,0.6,10.30 PM,2,07.00 AM
P0093,0.6,C,0.6,0.6,10.30 PM,19,07.00 AM
P0094,0.6,C,0.6,0.6,10.30 PM,26,07.00 AM
P0106,0.6,C,0.6,0.6,10.30 PM,48,07.00 AM
P0109,0.6,C,0.6,0.6,10.30 PM,26,07.00 AM
P0111,0.6,C,0.6,0.6,10.30 PM,32,07.00 AM
P0113,0.6,C,0.6,0.6,10.30 PM,76,07.00 AM
P0116,0.6,C,0.6,0.6,10.30 PM,56,07.00 AM
P0117,0.6,C,0.6,0.6,10.30 PM,150,07.00 AM
Q0006,0.6,C,0.6,0.6,10.30 PM,91,07.00 AM
Q0008,0.6,C,0.6,0.6,10.30 PM,66,07.00 AM
S0020,0.6,C,0.6,0.6,10.30 PM,18,07.00 AM
S0032,0.6,C,0.6,0.6,10.30 PM,32,07.00 AM
S0033,0.6,C,0.6,0.6,10.30 PM,42,07.00 AM
S0055,0.6,C,0.6,0.6,10.30 PM,105,07.00 AM
S0102,0.6,C,0.6,0.6,10.30 PM,10,07.00 AM
S0106,0.6,C,0.6,0.6,10.30 PM,57,07.00 AM
S0108,0.6,C,0.6,0.6,10.30 PM,29,07.00 AM
S0112,0.6,C,0.6,0.6,10.30 PM,403,07.00 AM
S0150,0.6,C,0.6,0.6,10.30 PM,52,07.00 AM
S0156,0.6,C,0.6,0.6,10.30 PM,35,07.00 AM
S0160,0.6,C,0.6,0.6,10.30 PM,17,07.00 AM
S0166,0.6,C,0.6,0.6,10.30 PM,63,07.00 AM
S0171,0.6,C,0.6,0.6,10.30 PM,102,07.00 AM
T0017,0.6,C,0.6,0.6,10.30 PM,20,07.00 AM
T0043,0.6,C,0.6,0.6,10.30 PM,13,07.00 AM
T0060,0.6,C,0.6,0.6,10.30 PM,5,07.00 AM
T0070,0.6,C,0.6,0.6,10.30 PM,36,07.00 AM
T0074,0.6,C,0.6,0.6,10.30 PM,18,07.00 AM
T0103,0.6,C,0.6,0.6,10.30 PM,200,07.00 AM
T0104,0.6,C,0.6,0.6,10.30 PM,47,07.00 AM
T0107,0.6,C,0.6,0.6,10.30 PM,0,07.00 AM
T0130,0.6,C,0.6,0.6,10.30 PM,62,07.00 AM
T0140,0.6,C,0.6,0.6,10.30 PM,123,07.00 AM
T0141,0.6,C,0.6,0.6,10.30 PM,33,07.00 AM
T0146,0.6,C,0.6,0.6,10.30 PM,8,07.00 AM
U0003,0.6,C,0.6,0.6,10.30 PM,74,07.00 AM
U0013,0.6,C,0.6,0.6,10.30 PM,26,07.00 AM
U0014,0.6,C,0.6,0.6,10.30 PM,35,07.00 AM
U0016,0.6,C,0.6,0.6,10.30 PM,16,07.00 AM
U0021,0.6,C,0.6,0.6,10.30 PM,10,07.00 AM
U0030,0.6,C,0.6,0.6,10.30 PM,4,07.00 AM
U0036,0.6,C,0.6,0.6,10.30 PM,127,07.00 AM
U0037,0.6,C,0.6,0.6,10.30 PM,10,07.00 AM
U0039,0.6,C,0.6,0.6,10.30 PM,17,07.00 AM
U0042,0.6,C,0.6,0.6,10.30 PM,48,07.00 AM
U0044,0.6,C,0.6,0.6,10.30 PM,18,07.00 AM
V0007,0.6,C,0.6,0.6,10.30 PM,18,07.00 AM
W0029,0.6,C,0.6,0.6,10.30 PM,58,07.00 AM
W0055,0.6,C,0.6,0.6,10.30 PM,42,07.00 AM
Y0019,0.6,C,0.6,0.6,10.30 PM,15,07.00 AM
C0148,1.2,H,1.2,1.2,10.30 PM,7,07.00 AM
F0029,1.2,H,1.2,1.2,10.30 PM,85,07.00 AM
F0032,1.2,H,1.2,1.2,10.30 PM,137,07.00 AM
G0004,1.2,H,1.2,1.2,10.30 PM,216,07.00 AM
R0040,1.2,H,1.2,1.2,10.30 PM,51,07.00 AM
S0112,1.2,H,1.2,1.2,10.30 PM,21,07.00 AM
T0074,1.2,H,1.2,1.2,10.30 PM,0,07.00 AM
Y0017,1.2,H,1.2,1.2,10.30 PM,661,07.00 AM
A0007,0.7,C,0.7,0.7,10.30 PM,268,07.00 AM
P0096,0.7,C,0.7,0.7,10.30 PM,19,07.00 AM
A0007,0.65,M,0.65,0.65,10.30 PM,83,07.00 AM
A0011,0.65,M,0.65,0.65,10.30 PM,7,07.00 AM
A0017,0.65,M,0.65,0.65,10.30 PM,19,07.00 AM
A0024,0.65,M,0.65,0.65,10.30 PM,14,07.00 AM
A0035,0.65,M,0.65,0.65,10.30 PM,12,07.00 AM
B0031,0.65,M,0.65,0.65,10.30 PM,4,07.00 AM
B0032,0.65,M,0.65,0.65,10.30 PM,31,07.00 AM
B0063,0.65,M,0.65,0.65,10.30 PM,6,07.00 AM
B0087,0.65,M,0.65,0.65,10.30 PM,8,07.00 AM
B0088,0.65,M,0.65,0.65,10.30 PM,16,07.00 AM
C0133,0.65,M,0.65,0.65,10.30 PM,9,07.00 AM
C0134,0.65,M,0.65,0.65,10.30 PM,18,07.00 AM
C0148,0.65,M,0.65,0.65,10.30 PM,23,07.00 AM
C0162,0.65,M,0.65,0.65,10.30 PM,5,07.00 AM
D0026,0.65,M,0.65,0.65,10.30 PM,6,07.00 AM
D0028,0.65,M,0.65,0.65,10.30 PM,40,07.00 AM
E0011,0.65,M,0.65,0.65,10.30 PM,14,07.00 AM
E0023,0.65,M,0.65,0.65,10.30 PM,2,07.00 AM
E0024,0.65,M,0.65,0.65,10.30 PM,38,07.00 AM
E0027,0.65,M,0.65,0.65,10.30 PM,23,07.00 AM
F0032,0.65,M,0.65,0.65,10.30 PM,5,07.00 AM
G0004,0.65,M,0.65,0.65,10.30 PM,150,07.00 AM
H0003,0.65,M,0.65,0.65,10.30 PM,3,07.00 AM
H0004,0.65,M,0.65,0.65,10.30 PM,16,07.00 AM
H0011,0.65,M,0.65,0.65,10.30 PM,39,07.00 AM
H0024,0.65,M,0.65,0.65,10.30 PM,6,07.00 AM
H0055,0.65,M,0.65,0.65,10.30 PM,5,07.00 AM
J0017,0.65,M,0.65,0.65,10.30 PM,36,07.00 AM
J0051,0.65,M,0.65,0.65,10.30 PM,15,07.00 AM
J0054,0.65,M,0.65,0.65,10.30 PM,8,07.00 AM
J0055,0.65,M,0.65,0.65,10.30 PM,27,07.00 AM
J0092,0.65,M,0.65,0.65,10.30 PM,8,07.00 AM
J0100,0.65,M,0.65,0.65,10.30 PM,8,07.00 AM
J0122,0.65,M,0.65,0.65,10.30 PM,30,07.00 AM
K0034,0.65,M,0.65,0.65,10.30 PM,10,07.00 AM
K0037,0.65,M,0.65,0.65,10.30 PM,4,07.00 AM
K0039,0.65,M,0.65,0.65,10.30 PM,18,07.00 AM
K0081,0.65,M,0.65,0.65,10.30 PM,5,07.00 AM
K0082,0.65,M,0.65,0.65,10.30 PM,10,07.00 AM
K0111,0.65,M,0.65,0.65,10.30 PM,11,07.00 AM
K0120,0.65,M,0.65,0.65,10.30 PM,17,07.00 AM
K0121,0.65,M,0.65,0.65,10.30 PM,12,07.00 AM
L0064,0.65,M,0.65,0.65,10.30 PM,14,07.00 AM
L0078,0.65,M,0.65,0.65,10.30 PM,10,07.00 AM
L0104,0.65,M,0.65,0.65,10.30 PM,28,07.00 AM
L0107,0.65,M,0.65,0.65,10.30 PM,6,07.00 AM
L0117,0.65,M,0.65,0.65,10.30 PM,12,07.00 AM
L0123,0.65,M,0.65,0.65,10.30 PM,9,07.00 AM
L0124,0.65,M,0.65,0.65,10.30 PM,17,07.00 AM
L0125,0.65,M,0.65,0.65,10.30 PM,21,07.00 AM
M0040,0.65,M,0.65,0.65,10.30 PM,7,07.00 AM
M0059,0.65,M,0.65,0.65,10.30 PM,33,07.00 AM
M0076,0.65,M,0.65,0.65,10.30 PM,12,07.00 AM
M0078,0.65,M,0.65,0.65,10.30 PM,414,07.00 AM
M0084,0.65,M,0.65,0.65,10.30 PM,10,07.00 AM
M0088,0.65,M,0.65,0.65,10.30 PM,18,07.00 AM
N0012,0.65,M,0.65,0.65,10.30 PM,13,07.00 AM
N0013,0.65,M,0.65,0.65,10.30 PM,18,07.00 AM
O0007,0.65,M,0.65,0.65,10.30 PM,10,07.00 AM
O0028,0.65,M,0.65,0.65,10.30 PM,6,07.00 AM
P0013,0.65,M,0.65,0.65,10.30 PM,66,07.00 AM
P0033,0.65,M,0.65,0.65,10.30 PM,52,07.00 AM
P0048,0.65,M,0.65,0.65,10.30 PM,12,07.00 AM
P0054,0.65,M,0.65,0.65,10.30 PM,32,07.00 AM
P0093,0.65,M,0.65,0.65,10.30 PM,9,07.00 AM
P0094,0.65,M,0.65,0.65,10.30 PM,16,07.00 AM
P0106,0.65,M,0.65,0.65,10.30 PM,3,07.00 AM
P0109,0.65,M,0.65,0.65,10.30 PM,10,07.00 AM
P0113,0.65,M,0.65,0.65,10.30 PM,16,07.00 AM
P0117,0.65,M,0.65,0.65,10.30 PM,65,07.00 AM
Q0006,0.65,M,0.65,0.65,10.30 PM,19,07.00 AM
Q0008,0.65,M,0.65,0.65,10.30 PM,17,07.00 AM
R0040,0.65,M,0.65,0.65,10.30 PM,30,07.00 AM
S0020,0.65,M,0.65,0.65,10.30 PM,12,07.00 AM
S0033,0.65,M,0.65,0.65,10.30 PM,22,07.00 AM
S0044,0.65,M,0.65,0.65,10.30 PM,9,07.00 AM
S0049,0.65,M,0.65,0.65,10.30 PM,25,07.00 AM
S0055,0.65,M,0.65,0.65,10.30 PM,39,07.00 AM
S0106,0.65,M,0.65,0.65,10.30 PM,20,07.00 AM
S0108,0.65,M,0.65,0.65,10.30 PM,5,07.00 AM
S0112,0.65,M,0.65,0.65,10.30 PM,367,07.00 AM
S0150,0.65,M,0.65,0.65,10.30 PM,4,07.00 AM
S0166,0.65,M,0.65,0.65,10.30 PM,14,07.00 AM
S0171,0.65,M,0.65,0.65,10.30 PM,19,07.00 AM
T0017,0.65,M,0.65,0.65,10.30 PM,5,07.00 AM
T0062,0.65,M,0.65,0.65,10.30 PM,3,07.00 AM
T0074,0.65,M,0.65,0.65,10.30 PM,10,07.00 AM
T0103,0.65,M,0.65,0.65,10.30 PM,23,07.00 AM
T0104,0.65,M,0.65,0.65,10.30 PM,10,07.00 AM
T0129,0.65,M,0.65,0.65,10.30 PM,72,07.00 AM
T0130,0.65,M,0.65,0.65,10.30 PM,6,07.00 AM
T0140,0.65,M,0.65,0.65,10.30 PM,21,07.00 AM
T0141,0.65,M,0.65,0.65,10.30 PM,7,07.00 AM
T0146,0.65,M,0.65,0.65,10.30 PM,10,07.00 AM
U0014,0.65,M,0.65,0.65,10.30 PM,20,07.00 AM
U0021,0.65,M,0.65,0.65,10.30 PM,25,07.00 AM
U0036,0.65,M,0.65,0.65,10.30 PM,11,07.00 AM
U0042,0.65,M,0.65,0.65,10.30 PM,8,07.00 AM
V0007,0.65,M,0.65,0.65,10.30 PM,5,07.00 AM
W0029,0.65,M,0.65,0.65,10.30 PM,10,07.00 AM
W0055,0.65,M,0.65,0.65,10.30 PM,7,07.00 AM
Y0013,0.65,M,0.65,0.65,10.30 PM,14,07.00 AM
Y0019,0.65,M,0.65,0.65,10.30 PM,8,07.00 AM
B0082,1.2,H,1.2,0,07.00 AM,81,07.00 PM
H0008,1.2,H,1.2,0,07.00 AM,21,07.00 PM
S0044,1.2,H,1.2,0,07.00 AM,20,07.00 PM
T0068,1.2,H,1.2,0,07.00 AM,8,07.00 PM
A0043,0.6,C,0.6,0.6,07.00 AM,21,07.00 PM
C0157,0.6,C,0.6,0.6,07.00 AM,16,07.00 PM
C0158,0.6,C,0.6,0.6,07.00 AM,13,07.00 PM
C0159,0.6,C,0.6,0.6,07.00 AM,14,07.00 PM
C0160,0.6,C,0.6,0.6,07.00 AM,9,07.00 PM
C0161,0.6,C,0.6,0.6,07.00 AM,9,07.00 PM
K0006,0.6,C,0.6,0.6,07.00 AM,15,07.00 PM
N0016,0.6,C,0.6,0.6,07.00 AM,54,07.00 PM
P0086,0.6,C,0.6,0.6,07.00 AM,58,07.00 PM
S0109,0.6,C,0.6,0.6,07.00 AM,0,07.00 PM
T0116,0.6,C,0.6,0.6,07.00 AM,104,07.00 PM
W0058,0.6,C,0.6,0.6,07.00 AM,40,07.00 PM
B0004,1.2,H,1.2,1.2,07.00 AM,439,07.00 PM
B0069,1.2,H,1.2,1.2,07.00 AM,8,07.00 PM
B0086,1.2,H,1.2,1.2,07.00 AM,212,07.00 PM
B0099,1.2,H,1.2,1.2,07.00 AM,128,07.00 PM
B0101,1.2,H,1.2,1.2,07.00 AM,327,07.00 PM
C0055,1.2,H,1.2,1.2,07.00 AM,47,07.00 PM
C0161,1.2,H,1.2,1.2,07.00 AM,0,07.00 PM
D0028,1.2,H,1.2,1.2,07.00 AM,157,07.00 PM
D0029,1.2,H,1.2,1.2,07.00 AM,225,07.00 PM
E0010,1.2,H,1.2,1.2,07.00 AM,145,07.00 PM
F0011,1.2,H,1.2,1.2,07.00 AM,150,07.00 PM
H0064,1.2,H,1.2,1.2,07.00 AM,80,07.00 PM
J0056,1.2,H,1.2,1.2,07.00 AM,9,07.00 PM
J0099,1.2,H,1.2,1.2,07.00 AM,367,07.00 PM
L0086,1.2,H,1.2,1.2,07.00 AM,61,07.00 PM
M0032,1.2,H,1.2,1.2,07.00 AM,29,07.00 PM
M0059,1.2,H,1.2,1.2,07.00 AM,76,07.00 PM
M0079,1.2,H,1.2,1.2,07.00 AM,593,07.00 PM
N0012,1.2,H,1.2,1.2,07.00 AM,1,07.00 PM
N0016,1.2,H,1.2,1.2,07.00 AM,0,07.00 PM
P0082,1.2,H,1.2,1.2,07.00 AM,3,07.00 PM
P0102,1.2,H,1.2,1.2,07.00 AM,20,07.00 PM
S0109,1.2,H,1.2,1.2,07.00 AM,81,07.00 PM
S0111,1.2,H,1.2,1.2,07.00 AM,188,07.00 PM
S0151,1.2,H,1.2,1.2,07.00 AM,127,07.00 PM
T0104,1.2,H,1.2,1.2,07.00 AM,14,07.00 PM
T0107,1.2,H,1.2,1.2,07.00 AM,266,07.00 PM
T0109,1.2,H,1.2,1.2,07.00 AM,55,07.00 PM
T0116,1.2,H,1.2,1.2,07.00 AM,0,07.00 PM
T0131,1.2,H,1.2,1.2,07.00 AM,528,07.00 PM
T0151,1.2,H,1.2,1.2,07.00 AM,246,07.00 PM
T0153,1.2,H,1.2,1.2,07.00 AM,315,07.00 PM
W0029,1.2,H,1.2,1.2,07.00 AM,11,07.00 PM
W0036,1.2,H,1.2,1.2,07.00 AM,15,07.00 PM
W0040,1.2,H,1.2,1.2,07.00 AM,60,07.00 PM
Y0013,1.2,H,1.2,1.2,07.00 AM,47,07.00 PM
Y0020,1.2,H,1.2,1.2,07.00 AM,433,07.00 PM
B0092,0.65,M,0.65,0,08.30 AM,6,10.00 PM
B0100,0.6,C,0.6,0,08.30 AM,11,10.00 PM
B0100,0.65,M,0.65,0,08.30 AM,10,10.00 PM
BL109,0.65,M,0.65,0,08.30 AM,5,10.00 PM
BL111,0.65,M,0.65,0,08.30 AM,11,10.00 PM
BL112,0.65,M,0.65,0,08.30 AM,10,10.00 PM
BL116,0.65,M,0.65,0,08.30 AM,10,10.00 PM
BL118,0.65,M,0.65,0,08.30 AM,5,10.00 PM
BL120,0.65,M,0.65,0,08.30 AM,11,10.00 PM
BL124,0.65,M,0.65,0,08.30 AM,4,10.00 PM
BL128,0.65,M,0.65,0,08.30 AM,8,10.00 PM
BL132,0.65,M,0.65,0,08.30 AM,6,10.00 PM
BL137,0.65,M,0.65,0,08.30 AM,13,10.00 PM
BL192,0.65,M,0.65,0,08.30 AM,15,10.00 PM
BL193,0.65,M,0.65,0,08.30 AM,8,10.00 PM
BL204,0.65,M,0.65,0,08.30 AM,11,10.00 PM
C0028,0.6,C,0.6,0,08.30 AM,40,10.00 PM
C0097,0.6,C,0.6,0,08.30 AM,8,10.00 PM
C0098,0.6,C,0.6,0,08.30 AM,16,10.00 PM
C0098,1.2,H,1.2,0,08.30 AM,2,10.00 PM
C0113,0.6,C,0.6,0,08.30 AM,61,10.00 PM
C0114,0.6,C,0.6,0,08.30 AM,38,10.00 PM
C0147,0.6,C,0.6,0,08.30 AM,15,10.00 PM
D0004,0.6,C,0.6,0,08.30 AM,35,10.00 PM
D0004,0.65,M,0.65,0,08.30 AM,0,10.00 PM
D0005,0.6,C,0.6,0,08.30 AM,55,10.00 PM
D0005,0.65,M,0.65,0,08.30 AM,17,10.00 PM
D0009,0.6,C,0.6,0,08.30 AM,87,10.00 PM
D0009,0.65,M,0.65,0,08.30 AM,18,10.00 PM
D0012,0.6,C,0.6,0,08.30 AM,4,10.00 PM
F0030,0.6,C,0.6,0,08.30 AM,23,10.00 PM
F0031,0.6,C,0.6,0,08.30 AM,44,10.00 PM
H0006,0.6,C,0.6,0,08.30 AM,33,10.00 PM
H0006,0.65,M,0.65,0,08.30 AM,7,10.00 PM
J0010,0.6,C,0.6,0,08.30 AM,9,10.00 PM
J0080,0.6,C,0.6,0,08.30 AM,20,10.00 PM
K0027,0.6,C,0.6,0,08.30 AM,34,10.00 PM
K0027,0.65,M,0.65,0,08.30 AM,16,10.00 PM
K0032,0.6,C,0.6,0,08.30 AM,30,10.00 PM
K0032,0.65,M,0.65,0,08.30 AM,25,10.00 PM
K0051,0.6,C,0.6,0,08.30 AM,30,10.00 PM
K0051,0.65,M,0.65,0,08.30 AM,5,10.00 PM
K0099,0.6,C,0.6,0,08.30 AM,4,10.00 PM
L0002,0.6,C,0.6,0,08.30 AM,19,10.00 PM
L0002,0.65,M,0.65,0,08.30 AM,3,10.00 PM
L0076,0.6,C,0.6,0,08.30 AM,7,10.00 PM
L0079,0.6,C,0.6,0,08.30 AM,16,10.00 PM
L0082,0.6,C,0.6,0,08.30 AM,8,10.00 PM
L0083,0.6,C,0.6,0,08.30 AM,10,10.00 PM
L0120,0.6,C,0.6,0,08.30 AM,3,10.00 PM
M0005,0.6,C,0.6,0,08.30 AM,35,10.00 PM
M0005,0.65,M,0.65,0,08.30 AM,4,10.00 PM
M0038,0.6,C,0.6,0,08.30 AM,43,10.00 PM
M0039,0.6,C,0.6,0,08.30 AM,3,10.00 PM
N0011,0.6,C,0.6,0,08.30 AM,25,10.00 PM
N0011,0.65,M,0.65,0,08.30 AM,3,10.00 PM
P0038,0.6,C,0.6,0,08.30 AM,11,10.00 PM
P0049,0.6,C,0.6,0,08.30 AM,8,10.00 PM
R0015,0.6,C,0.6,0,08.30 AM,88,10.00 PM
S0001,0.6,C,0.6,0,08.30 AM,46,10.00 PM
S0001,0.65,M,0.65,0,08.30 AM,8,10.00 PM
S0021,0.6,C,0.6,0,08.30 AM,44,10.00 PM
S0021,0.65,M,0.65,0,08.30 AM,17,10.00 PM
S0063,0.6,C,0.6,0,08.30 AM,5,10.00 PM
S0064,0.6,C,0.6,0,08.30 AM,84,10.00 PM
S0065,0.6,C,0.6,0,08.30 AM,4,10.00 PM
S0128,0.6,C,0.6,0,08.30 AM,11,10.00 PM
S0152,0.6,C,0.6,0,08.30 AM,10,10.00 PM
S0157,0.6,C,0.6,0,08.30 AM,8,10.00 PM
U0007,0.6,C,0.6,0,08.30 AM,16,10.00 PM
U0008,0.6,C,0.6,0,08.30 AM,59,10.00 PM
V0001,0.6,C,0.6,0,08.30 AM,34,10.00 PM
V0001,0.65,M,0.65,0,08.30 AM,5,10.00 PM
V0005,0.6,C,0.6,0,08.30 AM,7,10.00 PM
A0004,0.6,C,0.6,0.6,08.30 AM,69,10.00 PM
A0005,0.6,C,0.6,0.6,08.30 AM,16,10.00 PM
A0006,0.6,C,0.6,0.6,05.00 PM,81,10.00 PM
A0008,0.6,C,0.6,0.6,05.00 PM,26,10.00 PM
A0010,0.6,C,0.6,0.6,08.30 AM,88,10.00 PM
A0025,0.6,C,0.6,0.6,08.30 AM,12,10.00 PM
B0002,0.6,C,0.6,0.6,08.30 AM,20,10.00 PM
B0005,0.6,C,0.6,0.6,05.00 PM,29,10.00 PM
B0008,0.6,C,0.6,0.6,08.30 AM,32,10.00 PM
B0011,0.6,C,0.6,0.6,08.30 AM,14,10.00 PM
B0018,0.6,C,0.6,0.6,05.00 PM,35,10.00 PM
B0020,0.6,C,0.6,0.6,08.30 AM,13,10.00 PM
B0022,0.6,C,0.6,0.6,08.30 AM,15,10.00 PM
B0025,0.6,C,0.6,0.6,08.30 AM,5,10.00 PM
B0028,0.6,C,0.6,0.6,08.30 AM,5,10.00 PM
B0029,0.6,C,0.6,0.6,08.30 AM,9,10.00 PM
B0033,0.6,C,0.6,0.6,08.30 AM,6,10.00 PM
B0035,0.6,C,0.6,0.6,08.30 AM,33,10.00 PM
B0045,0.6,C,0.6,0.6,05.00 PM,43,10.00 PM
B0052,0.6,C,0.6,0.6,05.00 PM,22,10.00 PM
B0062,0.6,C,0.6,0.6,08.30 AM,18,10.00 PM
B0073,0.6,C,0.6,0.6,05.00 PM,17,10.00 PM
B0084,0.6,C,0.6,0.6,08.30 AM,15,10.00 PM
C0004,0.6,C,0.6,0.6,05.00 PM,35,10.00 PM
C0009,0.6,C,0.6,0.6,08.30 AM,13,10.00 PM
C0011,0.6,C,0.6,0.6,08.30 AM,66,10.00 PM
C0018,0.6,C,0.6,0.6,05.00 PM,35,10.00 PM
C0022,0.6,C,0.6,0.6,05.00 PM,27,10.00 PM
C0036,0.6,C,0.6,0.6,05.00 PM,4,10.00 PM
C0038,0.6,C,0.6,0.6,05.00 PM,10,10.00 PM
C0058,0.6,C,0.6,0.6,05.00 PM,15,10.00 PM
C0063,0.6,C,0.6,0.6,05.00 PM,4,10.00 PM
C0104,0.6,C,0.6,0.6,08.30 AM,13,10.00 PM
C0110,0.6,C,0.6,0.6,05.00 PM,5,10.00 PM
C0118,0.6,C,0.6,0.6,08.30 AM,13,10.00 PM
C0122,0.6,C,0.6,0.6,07.00 AM,21,10.00 PM
C0132,0.6,C,0.6,0.6,08.30 AM,61,10.00 PM
C0135,0.6,C,0.6,0.6,08.30 AM,4,10.00 PM
C0136,0.6,C,0.6,0.6,08.30 AM,6,10.00 PM
D0001,0.6,C,0.6,0.6,05.00 PM,9,10.00 PM
D0002,0.6,C,0.6,0.6,05.00 PM,10,10.00 PM
D0010,0.6,C,0.6,0.6,05.00 PM,42,10.00 PM
D0017,0.6,C,0.6,0.6,08.30 AM,24,10.00 PM
D0027,0.6,C,0.6,0.6,08.30 AM,10,10.00 PM
E0017,0.6,C,0.6,0.6,08.30 AM,63,10.00 PM
E0022,0.6,C,0.6,0.6,05.00 PM,13,10.00 PM
E0031,0.6,C,0.6,0.6,08.30 AM,26,10.00 PM
E0034,0.6,C,0.6,0.6,08.30 AM,9,10.00 PM
E0035,0.6,C,0.6,0.6,08.30 AM,24,10.00 PM
E0037,0.6,C,0.6,0.6,08.30 AM,5,10.00 PM
F0002,0.6,C,0.6,0.6,08.30 AM,37,10.00 PM
F0006,0.6,C,0.6,0.6,08.30 AM,12,10.00 PM
G0039,0.6,C,0.6,0.6,08.30 AM,8,10.00 PM
G0040,0.6,C,0.6,0.6,05.00 PM,7,10.00 PM
G0043,0.6,C,0.6,0.6,08.30 AM,22,10.00 PM
H0012,0.6,C,0.6,0.6,05.00 PM,32,10.00 PM
H0028,0.6,C,0.6,0.6,08.30 AM,54,10.00 PM
H0037,0.6,C,0.6,0.6,08.30 AM,34,10.00 PM
J0001,0.6,C,0.6,0.6,08.30 AM,34,10.00 PM
J0003,0.6,C,0.6,0.6,08.30 AM,35,10.00 PM
J0006,0.6,C,0.6,0.6,08.30 AM,16,10.00 PM
J0008,0.6,C,0.6,0.6,08.30 AM,8,10.00 PM
J0009,0.6,C,0.6,0.6,08.30 AM,15,10.00 PM
J0012,0.6,C,0.6,0.6,08.30 AM,6,10.00 PM
J0018,0.6,C,0.6,0.6,05.00 PM,12,10.00 PM
J0022,0.6,C,0.6,0.6,08.30 AM,10,10.00 PM
J0029,0.6,C,0.6,0.6,08.30 AM,23,10.00 PM
J0034,0.6,C,0.6,0.6,08.30 AM,21,10.00 PM
J0035,0.6,C,0.6,0.6,08.30 AM,19,10.00 PM
J0036,0.6,C,0.6,0.6,08.30 AM,2,10.00 PM
J0049,0.6,C,0.6,0.6,08.30 AM,3,10.00 PM
J0056,0.6,C,0.6,0.6,08.30 AM,7,10.00 PM
J0057,0.6,C,0.6,0.6,08.30 AM,24,10.00 PM
J0058,0.6,C,0.6,0.6,08.30 AM,16,10.00 PM
J0059,0.6,C,0.6,0.6,08.30 AM,16,10.00 PM
J0060,0.6,C,0.6,0.6,08.30 AM,10,10.00 PM
J0062,0.6,C,0.6,0.6,08.30 AM,19,10.00 PM
J0069,0.6,C,0.6,0.6,08.30 AM,28,10.00 PM
J0075,0.6,C,0.6,0.6,08.30 AM,5,10.00 PM
J0097,0.6,C,0.6,0.6,08.30 AM,34,10.00 PM
J0102,0.6,C,0.6,0.6,08.30 AM,109,10.00 PM
J0104,0.6,C,0.6,0.6,08.30 AM,49,10.00 PM
J0106,0.6,C,0.6,0.6,08.30 AM,10,10.00 PM
J0128,0.6,C,0.6,0.6,08.30 AM,6,10.00 PM
J0130,0.6,C,0.6,0.6,08.30 AM,14,10.00 PM
K0005,0.6,C,0.6,0.6,08.30 AM,46,10.00 PM
K0008,0.6,C,0.6,0.6,05.00 PM,68,10.00 PM
K0009,0.6,C,0.6,0.6,08.30 AM,11,10.00 PM
K0010,0.6,C,0.6,0.6,05.00 PM,27,10.00 PM
K0011,0.6,C,0.6,0.6,08.30 AM,8,10.00 PM
K0013,0.6,C,0.6,0.6,08.30 AM,12,10.00 PM
K0049,0.6,C,0.6,0.6,08.30 AM,64,10.00 PM
K0064,0.6,C,0.6,0.6,08.30 AM,50,10.00 PM
K0069,0.6,C,0.6,0.6,08.30 AM,21,10.00 PM
K0094,0.6,C,0.6,0.6,08.30 AM,28,10.00 PM
K0108,0.6,C,0.6,0.6,05.00 PM,99,10.00 PM
K0113,0.6,C,0.6,0.6,08.30 AM,28,10.00 PM
L0003,0.6,C,0.6,0.6,05.00 PM,45,10.00 PM
L0005,0.6,C,0.6,0.6,05.00 PM,14,10.00 PM
L0009,0.6,C,0.6,0.6,05.00 PM,25,10.00 PM
L0058,0.6,C,0.6,0.6,08.30 AM,39,10.00 PM
L0061,0.6,C,0.6,0.6,08.30 AM,6,10.00 PM
L0081,0.6,C,0.6,0.6,08.30 AM,6,10.00 PM
L0085,0.6,C,0.6,0.6,07.00 AM,37,10.00 PM
L0087,0.6,C,0.6,0.6,07.00 AM,36,10.00 PM
L0088,0.6,C,0.6,0.6,07.00 AM,27,10.00 PM
L0089,0.6,C,0.6,0.6,07.00 AM,12,10.00 PM
L0096,0.6,C,0.6,0.6,08.30 AM,17,10.00 PM
L0097,0.6,C,0.6,0.6,08.30 AM,3,10.00 PM
L0098,0.6,C,0.6,0.6,08.30 AM,11,10.00 PM
L0099,0.6,C,0.6,0.6,08.30 AM,2,10.00 PM
L0100,0.6,C,0.6,0.6,08.30 AM,6,10.00 PM
L0101,0.6,C,0.6,0.6,08.30 AM,11,10.00 PM
L0102,0.6,C,0.6,0.6,08.30 AM,9,10.00 PM
L0103,0.6,C,0.6,0.6,08.30 AM,5,10.00 PM
L0109,0.6,C,0.6,0.6,07.00 AM,10,10.00 PM
L0110,0.6,C,0.6,0.6,07.00 AM,18,10.00 PM
M0001,0.6,C,0.6,0.6,08.30 AM,6,10.00 PM
M0003,0.6,C,0.6,0.6,08.30 AM,9,10.00 PM
M0006,0.6,C,0.6,0.6,05.00 PM,11,10.00 PM
M0011,0.6,C,0.6,0.6,05.00 PM,61,10.00 PM
M0015,0.6,C,0.6,0.6,08.30 AM,74,10.00 PM
M0017,0.6,C,0.6,0.6,05.00 PM,13,10.00 PM
M0020,0.6,C,0.6,0.6,08.30 AM,31,10.00 PM
M0026,0.6,C,0.6,0.6,05.00 PM,6,10.00 PM
M0043,0.6,C,0.6,0.6,05.00 PM,2,10.00 PM
M0048,0.6,C,0.6,0.6,08.30 AM,16,10.00 PM
M0049,0.6,C,0.6,0.6,08.30 AM,3,10.00 PM
M0063,0.6,C,0.6,0.6,08.30 AM,3,10.00 PM
M0072,0.6,C,0.6,0.6,08.30 AM,10,10.00 PM
M0077,0.6,C,0.6,0.6,08.30 AM,18,10.00 PM
M0080,0.6,C,0.6,0.6,08.30 AM,37,10.00 PM
M0085,0.6,C,0.6,0.6,08.30 AM,19,10.00 PM
N0003,0.6,C,0.6,0.6,08.30 AM,32,10.00 PM
N0010,0.6,C,0.6,0.6,05.00 PM,15,10.00 PM
N0014,0.6,C,0.6,0.6,05.00 PM,24,10.00 PM
N0020,0.6,C,0.6,0.6,05.00 PM,0,10.00 PM
N0023,0.6,C,0.6,0.6,07.00 AM,16,10.00 PM
N0047,0.6,C,0.6,0.6,05.00 PM,7,10.00 PM
O0008,0.6,C,0.6,0.6,08.30 AM,16,10.00 PM
O0010,0.6,C,0.6,0.6,08.30 AM,27,10.00 PM
O0013,0.6,C,0.6,0.6,08.30 AM,11,10.00 PM
O0027,0.6,C,0.6,0.6,08.30 AM,53,10.00 PM
O0029,0.6,C,0.6,0.6,08.30 AM,15,10.00 PM
O0031,0.6,C,0.6,0.6,08.30 AM,20,10.00 PM
P0002,0.6,C,0.6,0.6,08.30 AM,25,10.00 PM
P0006,0.6,C,0.6,0.6,05.00 PM,4,10.00 PM
P0009,0.6,C,0.6,0.6,05.00 PM,14,10.00 PM
P0011,0.6,C,0.6,0.6,08.30 AM,62,10.00 PM
P0015,0.6,C,0.6,0.6,05.00 PM,50,10.00 PM
P0018,0.6,C,0.6,0.6,05.00 PM,44,10.00 PM
P0023,0.6,C,0.6,0.6,08.30 AM,11,10.00 PM
P0028,0.6,C,0.6,0.6,08.30 AM,2,10.00 PM
P0051,0.6,C,0.6,0.6,08.30 AM,23,10.00 PM
P0055,0.6,C,0.6,0.6,08.30 AM,3,10.00 PM
P0072,0.6,C,0.6,0.6,08.30 AM,5,10.00 PM
Q0001,0.6,C,0.6,0.6,05.00 PM,6,10.00 PM
Q0002,0.6,C,0.6,0.6,08.30 AM,15,10.00 PM
R0001,0.6,C,0.6,0.6,08.30 AM,6,10.00 PM
R0002,0.6,C,0.6,0.6,08.30 AM,53,10.00 PM
R0003,0.6,C,0.6,0.6,08.30 AM,75,10.00 PM
R0010,0.6,C,0.6,0.6,08.30 AM,3,10.00 PM
R0011,0.6,C,0.6,0.6,08.30 AM,39,10.00 PM
R0036,0.6,C,0.6,0.6,08.30 AM,33,10.00 PM
R0037,0.6,C,0.6,0.6,08.30 AM,21,10.00 PM
R0039,0.6,C,0.6,0.6,08.30 AM,3,10.00 PM
S0002,0.6,C,0.6,0.6,05.00 PM,8,10.00 PM
S0005,0.6,C,0.6,0.6,08.30 AM,42,10.00 PM
S0007,0.6,C,0.6,0.6,08.30 AM,16,10.00 PM
S0009,0.6,C,0.6,0.6,05.00 PM,18,10.00 PM
S0011,0.6,C,0.6,0.6,05.00 PM,4,10.00 PM
S0015,0.6,C,0.6,0.6,05.00 PM,23,10.00 PM
S0018,0.6,C,0.6,0.6,08.30 AM,25,10.00 PM
S0022,0.6,C,0.6,0.6,08.30 AM,45,10.00 PM
S0023,0.6,C,0.6,0.6,08.30 AM,16,10.00 PM
S0026,0.6,C,0.6,0.6,08.30 AM,10,10.00 PM
S0035,0.6,C,0.6,0.6,05.00 PM,8,10.00 PM
S0045,0.6,C,0.6,0.6,08.30 AM,19,10.00 PM
S0046,0.6,C,0.6,0.6,08.30 AM,9,10.00 PM
S0047,0.6,C,0.6,0.6,08.30 AM,11,10.00 PM
S0061,0.6,C,0.6,0.6,08.30 AM,3,10.00 PM
S0066,0.6,C,0.6,0.6,08.30 AM,13,10.00 PM
S0070,0.6,C,0.6,0.6,08.30 AM,10,10.00 PM
S0075,0.6,C,0.6,0.6,07.00 AM,34,10.00 PM
S0079,0.6,C,0.6,0.6,08.30 AM,19,10.00 PM
S0091,0.6,C,0.6,0.6,07.00 AM,24,10.00 PM
S0094,0.6,C,0.6,0.6,07.00 AM,30,10.00 PM
S0096,0.6,C,0.6,0.6,07.00 AM,39,10.00 PM
S0097,0.6,C,0.6,0.6,07.00 AM,24,10.00 PM
S0110,0.6,C,0.6,0.6,08.30 AM,2,10.00 PM
S0115,0.6,C,0.6,0.6,08.30 AM,11,10.00 PM
S0118,0.6,C,0.6,0.6,08.30 AM,6,10.00 PM
S0120,0.6,C,0.6,0.6,08.30 AM,3,10.00 PM
S0127,0.6,C,0.6,0.6,08.30 AM,12,10.00 PM
S0132,0.6,C,0.6,0.6,08.30 AM,7,10.00 PM
S0136,0.6,C,0.6,0.6,08.30 AM,21,10.00 PM
S0139,0.6,C,0.6,0.6,08.30 AM,27,10.00 PM
S0141,0.6,C,0.6,0.6,08.30 AM,14,10.00 PM
S0159,0.6,C,0.6,0.6,08.30 AM,10,10.00 PM
S0162,0.6,C,0.6,0.6,08.30 AM,22,10.00 PM
S0164,0.6,C,0.6,0.6,07.00 AM,31,10.00 PM
S0167,0.6,C,0.6,0.6,08.30 AM,29,10.00 PM
S0168,0.6,C,0.6,0.6,08.30 AM,27,10.00 PM
S0170,0.6,C,0.6,0.6,08.30 AM,5,10.00 PM
S0172,0.6,C,0.6,0.6,08.30 AM,6,10.00 PM
T0002,0.6,C,0.6,0.6,05.00 PM,26,10.00 PM
T0003,0.6,C,0.6,0.6,08.30 AM,18,10.00 PM
T0006,0.6,C,0.6,0.6,05.00 PM,14,10.00 PM
T0008,0.6,C,0.6,0.6,05.00 PM,49,10.00 PM
T0009,0.6,C,0.6,0.6,05.00 PM,61,10.00 PM
T0010,0.6,C,0.6,0.6,05.00 PM,14,10.00 PM
T0014,0.6,C,0.6,0.6,05.00 PM,66,10.00 PM
T0021,0.6,C,0.6,0.6,08.30 AM,35,10.00 PM
T0022,0.6,C,0.6,0.6,08.30 AM,18,10.00 PM
T0033,0.6,C,0.6,0.6,08.30 AM,24,10.00 PM
T0036,0.6,C,0.6,0.6,08.30 AM,17,10.00 PM
T0057,0.6,C,0.6,0.6,08.30 AM,40,10.00 PM
T0065,0.6,C,0.6,0.6,07.00 AM,44,10.00 PM
T0066,0.6,C,0.6,0.6,07.00 AM,80,10.00 PM
T0067,0.6,C,0.6,0.6,07.00 AM,133,10.00 PM
T0068,0.6,C,0.6,0.6,07.00 AM,32,10.00 PM
T0114,0.6,C,0.6,0.6,08.30 AM,60,10.00 PM
T0115,0.6,C,0.6,0.6,08.30 AM,22,10.00 PM
T0144,0.6,C,0.6,0.6,05.00 PM,31,10.00 PM
T0145,0.6,C,0.6,0.6,08.30 AM,10,10.00 PM
U0002,0.6,C,0.6,0.6,05.00 PM,22,10.00 PM
U0012,0.6,C,0.6,0.6,08.30 AM,11,10.00 PM
U0017,0.6,C,0.6,0.6,05.00 PM,28,10.00 PM
U0023,0.6,C,0.6,0.6,08.30 AM,18,10.00 PM
U0031,0.6,C,0.6,0.6,08.30 AM,13,10.00 PM
U0038,0.6,C,0.6,0.6,08.30 AM,12,10.00 PM
U0043,0.6,C,0.6,0.6,08.30 AM,38,10.00 PM
W0001,0.6,C,0.6,0.6,05.00 PM,9,10.00 PM
W0002,0.6,C,0.6,0.6,05.00 PM,17,10.00 PM
W0004,0.6,C,0.6,0.6,05.00 PM,16,10.00 PM
W0005,0.6,C,0.6,0.6,07.00 AM,10,10.00 PM
Y0002,0.6,C,0.6,0.6,05.00 PM,13,10.00 PM
Y0013,0.6,C,0.6,0.6,07.00 AM,70,10.00 PM
Z0001,0.6,C,0.6,0.6,08.30 AM,12,10.00 PM
Z0003,0.6,C,0.6,0.6,08.30 AM,26,10.00 PM
Z0004,0.6,C,0.6,0.6,08.30 AM,8,10.00 PM
A0006,1.2,H,1.2,1.2,05.00 PM,1,10.00 PM
A0008,1.2,H,1.2,1.2,05.00 PM,0,10.00 PM
A0010,1.2,H,1.2,1.2,08.30 AM,1,10.00 PM
B0005,1.2,H,1.2,1.2,05.00 PM,20,10.00 PM
B0011,1.2,H,1.2,1.2,08.30 AM,1,10.00 PM
C0036,1.2,H,1.2,1.2,05.00 PM,2,10.00 PM
C0038,1.2,H,1.2,1.2,05.00 PM,2,10.00 PM
C0063,1.2,H,1.2,1.2,05.00 PM,3,10.00 PM
C0122,1.2,H,1.2,1.2,07.00 AM,2,10.00 PM
D0010,1.2,H,1.2,1.2,05.00 PM,2,10.00 PM
E0025,1.2,H,1.2,1.2,08.30 AM,5,10.00 PM
G0018,1.2,H,1.2,1.2,08.30 AM,0,10.00 PM
H0012,1.2,H,1.2,1.2,05.00 PM,5,10.00 PM
K0006,1.2,H,1.2,1.2,07.00 AM,11,10.00 PM
L0085,1.2,H,1.2,1.2,07.00 AM,0,10.00 PM
L0087,1.2,H,1.2,1.2,07.00 AM,0,10.00 PM
L0088,1.2,H,1.2,1.2,07.00 AM,0,10.00 PM
L0089,1.2,H,1.2,1.2,07.00 AM,0,10.00 PM
L0109,1.2,H,1.2,1.2,07.00 AM,0,10.00 PM
L0110,1.2,H,1.2,1.2,07.00 AM,0,10.00 PM
M0011,1.2,H,1.2,1.2,05.00 PM,5,10.00 PM
M0015,1.2,H,1.2,1.2,08.30 AM,1,10.00 PM
P0006,1.2,H,1.2,1.2,05.00 PM,3,10.00 PM
P0015,1.2,H,1.2,1.2,05.00 PM,4,10.00 PM
Q0001,1.2,H,1.2,1.2,05.00 PM,0,10.00 PM
R0001,1.2,H,1.2,1.2,08.30 AM,4,10.00 PM
R0006,1.2,H,1.2,1.2,07.00 AM,72,10.00 PM
S0013,1.2,H,1.2,1.2,08.30 AM,4,10.00 PM
S0015,1.2,H,1.2,1.2,05.00 PM,2,10.00 PM
S0035,1.2,H,1.2,1.2,05.00 PM,2,10.00 PM
S0075,1.2,H,1.2,1.2,07.00 AM,24,10.00 PM
S0091,1.2,H,1.2,1.2,07.00 AM,0,10.00 PM
S0139,1.2,H,1.2,1.2,08.30 AM,3,10.00 PM
S0150,1.2,H,1.2,1.2,08.30 AM,0,10.00 PM
T0008,1.2,H,1.2,1.2,05.00 PM,4,10.00 PM
T0065,1.2,H,1.2,1.2,07.00 AM,16,10.00 PM
U0023,1.2,H,1.2,1.2,08.30 AM,1,10.00 PM
Y0002,1.2,H,1.2,1.2,05.00 PM,0,10.00 PM
A0004,0.65,M,0.65,0.65,08.30 AM,4,10.00 PM
A0006,0.65,M,0.65,0.65,08.30 AM,10,10.00 PM
A0010,0.65,M,0.65,0.65,08.30 AM,13,10.00 PM
A0025,0.65,M,0.65,0.65,08.30 AM,8,10.00 PM
B0005,0.65,M,0.65,0.65,08.30 AM,18,10.00 PM
B0018,0.65,M,0.65,0.65,08.30 AM,5,10.00 PM
B0073,0.65,M,0.65,0.65,08.30 AM,10,10.00 PM
BL008,0.65,M,0.65,0.65,08.30 AM,26,10.00 PM
BL009,0.65,M,0.65,0.65,08.30 AM,7,10.00 PM
BL010,0.65,M,0.65,0.65,08.30 AM,20,10.00 PM
BL014,0.65,M,0.65,0.65,08.30 AM,16,10.00 PM
BL015,0.65,M,0.65,0.65,08.30 AM,8,10.00 PM
BL016,0.65,M,0.65,0.65,08.30 AM,6,10.00 PM
BL019,0.65,M,0.65,0.65,08.30 AM,19,10.00 PM
BL021,0.65,M,0.65,0.65,08.30 AM,10,10.00 PM
BL022,0.65,M,0.65,0.65,08.30 AM,18,10.00 PM
BL023,0.65,M,0.65,0.65,08.30 AM,18,10.00 PM
BL031,0.65,M,0.65,0.65,08.30 AM,12,10.00 PM
BL032,0.65,M,0.65,0.65,08.30 AM,7,10.00 PM
BL033,0.65,M,0.65,0.65,08.30 AM,12,10.00 PM
BL034,0.65,M,0.65,0.65,08.30 AM,11,10.00 PM
BL041,0.65,M,0.65,0.65,08.30 AM,9,10.00 PM
BL053,0.65,M,0.65,0.65,08.30 AM,60,10.00 PM
BL054,0.65,M,0.65,0.65,08.30 AM,24,10.00 PM
BL055,0.65,M,0.65,0.65,08.30 AM,3,10.00 PM
BL060,0.65,M,0.65,0.65,08.30 AM,15,10.00 PM
BL061,0.65,M,0.65,0.65,08.30 AM,10,10.00 PM
BL062,0.65,M,0.65,0.65,08.30 AM,13,10.00 PM
BL067,0.65,M,0.65,0.65,08.30 AM,21,10.00 PM
BL076,0.65,M,0.65,0.65,08.30 AM,22,10.00 PM
BL077,0.65,M,0.65,0.65,08.30 AM,7,10.00 PM
BL092,0.65,M,0.65,0.65,08.30 AM,3,10.00 PM
BL093,0.65,M,0.65,0.65,08.30 AM,9,10.00 PM
BL094,0.65,M,0.65,0.65,08.30 AM,16,10.00 PM
BL138,0.65,M,0.65,0.65,08.30 AM,8,10.00 PM
BL141,0.65,M,0.65,0.65,08.30 AM,8,10.00 PM
BL144,0.65,M,0.65,0.65,08.30 AM,5,10.00 PM
BL151,0.65,M,0.65,0.65,08.30 AM,5,10.00 PM
BL172,0.65,M,0.65,0.65,08.30 AM,10,10.00 PM
BL177,0.65,M,0.65,0.65,08.30 AM,10,10.00 PM
BL180,0.65,M,0.65,0.65,08.30 AM,20,10.00 PM
BL196,0.65,M,0.65,0.65,07.00 AM,11,10.00 PM
BL201,0.65,M,0.65,0.65,08.30 AM,19,10.00 PM
BL208,0.65,M,0.65,0.65,08.30 AM,19,10.00 PM
BL209,0.65,M,0.65,0.65,08.30 AM,6,10.00 PM
BL210,0.65,M,0.65,0.65,08.30 AM,5,10.00 PM
BL212,0.65,M,0.65,0.65,08.30 AM,6,10.00 PM
C0011,0.65,M,0.65,0.65,08.30 AM,26,10.00 PM
C0022,0.65,M,0.65,0.65,08.30 AM,7,10.00 PM
C0036,0.65,M,0.65,0.65,08.30 AM,42,10.00 PM
C0038,0.65,M,0.65,0.65,08.30 AM,25,10.00 PM
C0063,0.65,M,0.65,0.65,08.30 AM,15,10.00 PM
C0122,0.65,M,0.65,0.65,07.00 AM,25,10.00 PM
C0132,0.65,M,0.65,0.65,08.30 AM,10,10.00 PM
D0010,0.65,M,0.65,0.65,08.30 AM,8,10.00 PM
D0027,0.65,M,0.65,0.65,08.30 AM,1,10.00 PM
E0017,0.65,M,0.65,0.65,08.30 AM,28,10.00 PM
E0034,0.65,M,0.65,0.65,08.30 AM,5,10.00 PM
E0035,0.65,M,0.65,0.65,08.30 AM,4,10.00 PM
F0002,0.65,M,0.65,0.65,08.30 AM,10,10.00 PM
G0043,0.65,M,0.65,0.65,08.30 AM,7,10.00 PM
H0037,0.65,M,0.65,0.65,08.30 AM,8,10.00 PM
J0003,0.65,M,0.65,0.65,08.30 AM,14,10.00 PM
J0006,0.65,M,0.65,0.65,08.30 AM,2,10.00 PM
J0009,0.65,M,0.65,0.65,08.30 AM,4,10.00 PM
J0035,0.65,M,0.65,0.65,08.30 AM,17,10.00 PM
J0102,0.65,M,0.65,0.65,08.30 AM,13,10.00 PM
J0104,0.65,M,0.65,0.65,08.30 AM,3,10.00 PM
J0130,0.65,M,0.65,0.65,08.30 AM,0,10.00 PM
K0005,0.65,M,0.65,0.65,08.30 AM,10,10.00 PM
K0008,0.65,M,0.65,0.65,08.30 AM,10,10.00 PM
K0049,0.65,M,0.65,0.65,08.30 AM,5,10.00 PM
K0069,0.65,M,0.65,0.65,08.30 AM,34,10.00 PM
K0108,0.65,M,0.65,0.65,07.00 AM,22,10.00 PM
K0113,0.65,M,0.65,0.65,08.30 AM,0,10.00 PM
L0003,0.65,M,0.65,0.65,08.30 AM,15,10.00 PM
L0009,0.65,M,0.65,0.65,08.30 AM,12,10.00 PM
L0085,0.65,M,0.65,0.65,07.00 AM,17,10.00 PM
L0088,0.65,M,0.65,0.65,07.00 AM,31,10.00 PM
L0096,0.65,M,0.65,0.65,08.30 AM,2,10.00 PM
L0102,0.65,M,0.65,0.65,08.30 AM,4,10.00 PM
M0001,0.65,M,0.65,0.65,08.30 AM,3,10.00 PM
M0009,0.65,M,0.65,0.65,08.30 AM,18,10.00 PM
M0011,0.65,M,0.65,0.65,08.30 AM,4,10.00 PM
M0015,0.65,M,0.65,0.65,08.30 AM,29,10.00 PM
M0017,0.65,M,0.65,0.65,08.30 AM,2,10.00 PM
M0026,0.65,M,0.65,0.65,08.30 AM,11,10.00 PM
M0043,0.65,M,0.65,0.65,08.30 AM,3,10.00 PM
M0080,0.65,M,0.65,0.65,08.30 AM,7,10.00 PM
M0085,0.65,M,0.65,0.65,08.30 AM,5,10.00 PM
N0003,0.65,M,0.65,0.65,08.30 AM,2,10.00 PM
N0010,0.65,M,0.65,0.65,08.30 AM,5,10.00 PM
N0020,0.65,M,0.65,0.65,08.30 AM,15,10.00 PM
N0023,0.65,M,0.65,0.65,07.00 AM,5,10.00 PM
O0008,0.65,M,0.65,0.65,08.30 AM,4,10.00 PM
O0013,0.65,M,0.65,0.65,08.30 AM,10,10.00 PM
O0027,0.65,M,0.65,0.65,08.30 AM,5,10.00 PM
O0029,0.65,M,0.65,0.65,08.30 AM,2,10.00 PM
P0002,0.65,M,0.65,0.65,08.30 AM,3,10.00 PM
P0006,0.65,M,0.65,0.65,08.30 AM,11,10.00 PM
P0009,0.65,M,0.65,0.65,08.30 AM,40,10.00 PM
P0015,0.65,M,0.65,0.65,08.30 AM,26,10.00 PM
P0018,0.65,M,0.65,0.65,08.30 AM,6,10.00 PM
Q0001,0.65,M,0.65,0.65,08.30 AM,32,10.00 PM
Q0002,0.65,M,0.65,0.65,08.30 AM,12,10.00 PM
R0010,0.65,M,0.65,0.65,08.30 AM,0,10.00 PM
R0037,0.65,M,0.65,0.65,08.30 AM,8,10.00 PM
S0002,0.65,M,0.65,0.65,08.30 AM,4,10.00 PM
S0011,0.65,M,0.65,0.65,08.30 AM,9,10.00 PM
S0015,0.65,M,0.65,0.65,08.30 AM,12,10.00 PM
S0026,0.65,M,0.65,0.65,08.30 AM,5,10.00 PM
S0047,0.65,M,0.65,0.65,08.30 AM,10,10.00 PM
S0066,0.65,M,0.65,0.65,08.30 AM,4,10.00 PM
S0070,0.65,M,0.65,0.65,08.30 AM,18,10.00 PM
S0079,0.65,M,0.65,0.65,08.30 AM,5,10.00 PM
S0110,0.65,M,0.65,0.65,08.30 AM,10,10.00 PM
S0136,0.65,M,0.65,0.65,08.30 AM,10,10.00 PM
S0139,0.65,M,0.65,0.65,08.30 AM,13,10.00 PM
S0164,0.65,M,0.65,0.65,07.00 AM,20,10.00 PM
S0167,0.65,M,0.65,0.65,08.30 AM,4,10.00 PM
S0168,0.65,M,0.65,0.65,08.30 AM,5,10.00 PM
S0170,0.65,M,0.65,0.65,08.30 AM,13,10.00 PM
T0003,0.65,M,0.65,0.65,08.30 AM,12,10.00 PM
T0006,0.65,M,0.65,0.65,08.30 AM,2,10.00 PM
T0008,0.65,M,0.65,0.65,08.30 AM,58,10.00 PM
T0010,0.65,M,0.65,0.65,08.30 AM,12,10.00 PM
T0014,0.65,M,0.65,0.65,08.30 AM,11,10.00 PM
T0021,0.65,M,0.65,0.65,08.30 AM,7,10.00 PM
T0057,0.65,M,0.65,0.65,08.30 AM,10,10.00 PM
U0017,0.65,M,0.65,0.65,08.30 AM,10,10.00 PM
U0031,0.65,M,0.65,0.65,08.30 AM,6,10.00 PM
W0001,0.65,M,0.65,0.65,08.30 AM,0,10.00 PM
W0002,0.65,M,0.65,0.65,08.30 AM,5,10.00 PM
W0004,0.65,M,0.65,0.65,08.30 AM,12,10.00 PM
Z0001,0.65,M,0.65,0.65,08.30 AM,5,10.00 PM
B0023,0.6,C,0.6,0,07.00 AM,41,10.30 PM
H0055,0.6,C,0.6,0,07.00 AM,24,10.30 PM
H0055,0.65,M,0.65,0,07.00 AM,5,10.30 PM
J0030,0.6,C,0.6,0,07.00 AM,5,10.30 PM
J0038,0.6,C,0.6,0,07.00 AM,31,10.30 PM
J0039,0.6,C,0.6,0,07.00 AM,28,10.30 PM
J0040,0.6,C,0.6,0,07.00 AM,18,10.30 PM
J0041,0.6,C,0.6,0,07.00 AM,19,10.30 PM
J0042,0.6,C,0.6,0,07.00 AM,4,10.30 PM
J0043,0.6,C,0.6,0,07.00 AM,4,10.30 PM
K0120,0.6,C,0.6,0,07.00 AM,26,10.30 PM
K0120,0.65,M,0.65,0,07.00 AM,17,10.30 PM
O0007,0.6,C,0.6,0,07.00 AM,13,10.30 PM
O0007,0.65,M,0.65,0,07.00 AM,10,10.30 PM
S0074,0.6,C,0.6,0,07.00 AM,30,10.30 PM
W0045,0.6,C,0.6,0,07.00 AM,15,10.30 PM
B0087,0.6,C,0.75,0.75,05.00 PM,25,10.30 PM
Q0006,0.75,C,0.75,0.75,05.00 PM,91,10.30 PM
W0055,0.75,C,0.75,0.75,11.00 AM,42,10.30 PM
A0011,0.6,C,0.6,0.6,05.00 PM,45,10.30 PM
A0017,0.6,C,0.6,0.6,07.00 AM,148,10.30 PM
A0021,0.6,C,0.6,0.6,05.00 PM,16,10.30 PM
A0024,0.6,C,0.6,0.6,07.00 AM,64,10.30 PM
A0035,0.6,C,0.6,0.6,05.00 PM,50,10.30 PM
A0036,0.6,C,0.6,0.6,07.00 AM,15,10.30 PM
A0037,0.6,C,0.6,0.6,07.00 AM,11,10.30 PM
A0046,0.6,C,0.6,0.6,07.00 AM,13,10.30 PM
A0048,0.6,C,0.6,0.6,07.00 AM,45,10.30 PM
A0054,0.6,C,0.6,0.6,07.00 AM,62,10.30 PM
A0057,0.6,C,0.6,0.6,07.00 AM,9,10.30 PM
B0031,0.6,C,0.6,0.6,07.00 AM,17,10.30 PM
B0032,0.6,C,0.6,0.6,02.00 PM,117,10.30 PM
B0063,0.6,C,0.6,0.6,07.00 AM,106,10.30 PM
B0088,0.6,C,0.6,0.6,07.00 AM,105,10.30 PM
B0099,0.6,C,0.6,0.6,07.00 AM,19,10.30 PM
C0119,0.6,C,0.6,0.6,07.00 AM,23,10.30 PM
C0133,0.75,C,0.75,0.6,05.00 PM,69,10.30 PM
C0134,0.6,C,0.6,0.6,07.00 AM,67,10.30 PM
C0142,0.6,C,0.6,0.6,07.00 AM,10,10.30 PM
C0148,0.6,C,0.6,0.6,07.00 AM,241,10.30 PM
C0162,0.6,C,0.6,0.6,05.00 PM,31,10.30 PM
D0006,0.6,C,0.6,0.6,05.00 PM,58,10.30 PM
D0026,0.6,C,0.6,0.6,07.00 AM,43,10.30 PM
D0028,0.6,C,0.6,0.6,07.00 AM,74,10.30 PM
E0009,0.6,C,0.6,0.6,05.00 PM,35,10.30 PM
E0011,0.6,C,0.6,0.6,05.00 PM,9,10.30 PM
E0023,0.6,C,0.6,0.6,07.00 AM,42,10.30 PM
E0024,0.6,C,0.6,0.6,07.00 AM,353,10.30 PM
E0027,0.6,C,0.6,0.6,07.00 AM,549,10.30 PM
F0029,0.6,C,0.6,0.6,07.00 AM,30,10.30 PM
H0003,0.6,C,0.6,0.6,07.00 AM,22,10.30 PM
H0004,0.6,C,0.6,0.6,07.00 AM,84,10.30 PM
H0007,0.6,C,0.6,0.6,05.00 PM,3,10.30 PM
H0011,0.6,C,0.6,0.6,07.00 AM,270,10.30 PM
H0015,0.6,C,0.6,0.6,07.00 AM,12,10.30 PM
H0022,0.6,C,0.6,0.6,05.00 PM,24,10.30 PM
H0024,0.6,C,0.6,0.6,05.00 PM,23,10.30 PM
H0057,0.6,C,0.6,0.6,07.00 AM,13,10.30 PM
J0015,0.6,C,0.6,0.6,07.00 AM,5,10.30 PM
J0017,0.6,C,0.6,0.6,07.00 AM,99,10.30 PM
J0050,0.6,C,0.6,0.6,07.00 AM,23,10.30 PM
J0051,0.6,C,0.6,0.6,07.00 AM,20,10.30 PM
J0054,0.6,C,0.6,0.6,07.00 AM,37,10.30 PM
J0055,0.6,C,0.6,0.6,07.00 AM,134,10.30 PM
J0092,0.6,C,0.6,0.6,07.00 AM,52,10.30 PM
J0099,0.6,C,0.6,0.6,07.00 AM,9,10.30 PM
J0100,0.6,C,0.6,0.6,07.00 AM,54,10.30 PM
J0122,0.6,C,0.6,0.6,07.00 AM,207,10.30 PM
J0127,0.6,C,0.6,0.6,07.00 AM,8,10.30 PM
J0132,0.6,C,0.6,0.6,07.00 AM,43,10.30 PM
K0022,0.6,C,0.6,0.6,07.00 AM,16,10.30 PM
K0034,0.6,C,0.6,0.6,07.00 AM,28,10.30 PM
K0037,0.6,C,0.6,0.6,07.00 AM,22,10.30 PM
K0039,0.6,C,0.6,0.6,05.00 PM,60,10.30 PM
K0081,0.6,C,0.6,0.6,07.00 AM,25,10.30 PM
K0082,0.6,C,0.6,0.6,07.00 AM,29,10.30 PM
K0087,0.6,C,0.6,0.6,07.00 AM,22,10.30 PM
K0091,0.6,C,0.6,0.6,07.00 AM,38,10.30 PM
K0111,0.6,C,0.6,0.6,07.00 AM,122,10.30 PM
K0115,0.6,C,0.6,0.6,07.00 AM,14,10.30 PM
K0121,0.6,C,0.6,0.6,07.00 AM,57,10.30 PM
L0064,0.6,C,0.6,0.6,07.00 AM,35,10.30 PM
L0077,0.6,C,0.6,0.6,07.00 AM,24,10.30 PM
L0078,0.6,C,0.6,0.6,07.00 AM,23,10.30 PM
L0104,0.6,C,0.6,0.6,07.00 AM,167,10.30 PM
L0107,0.6,C,0.6,0.6,07.00 AM,25,10.30 PM
L0116,0.6,C,0.6,0.6,07.00 AM,29,10.30 PM
L0117,0.6,C,0.6,0.6,07.00 AM,105,10.30 PM
L0123,0.6,C,0.6,0.6,07.00 AM,56,10.30 PM
L0124,0.6,C,0.6,0.6,07.00 AM,28,10.30 PM
L0125,0.6,C,0.6,0.6,07.00 AM,51,10.30 PM
M0040,0.6,C,0.6,0.6,07.00 AM,108,10.30 PM
M0059,0.6,C,0.6,0.6,07.00 AM,82,10.30 PM
M0076,0.6,C,0.6,0.6,07.00 AM,111,10.30 PM
M0078,0.6,C,0.6,0.6,07.00 AM,258,10.30 PM
M0084,0.6,C,0.6,0.6,05.00 PM,44,10.30 PM
M0088,0.6,C,0.6,0.6,07.00 AM,49,10.30 PM
N0006,0.6,C,0.6,0.6,05.00 PM,15,10.30 PM
N0012,0.6,C,0.6,0.6,07.00 AM,64,10.30 PM
N0013,0.6,C,0.6,0.6,05.00 PM,92,10.30 PM
O0028,0.6,C,0.6,0.6,07.00 AM,39,10.30 PM
P0013,0.6,C,0.6,0.6,05.00 PM,84,10.30 PM
P0033,0.6,C,0.6,0.6,07.00 AM,270,10.30 PM
P0048,0.6,C,0.6,0.6,07.00 AM,19,10.30 PM
P0054,0.6,C,0.6,0.6,07.00 AM,58,10.30 PM
P0075,0.6,C,0.6,0.6,07.00 AM,29,10.30 PM
P0078,0.6,C,0.6,0.6,07.00 AM,2,10.30 PM
P0093,0.6,C,0.6,0.6,07.00 AM,19,10.30 PM
P0094,0.6,C,0.6,0.6,07.00 AM,26,10.30 PM
P0106,0.6,C,0.6,0.6,07.00 AM,48,10.30 PM
P0109,0.6,C,0.6,0.6,07.00 AM,26,10.30 PM
P0111,0.6,C,0.6,0.6,05.00 PM,32,10.30 PM
P0113,0.6,C,0.6,0.6,07.00 AM,76,10.30 PM
P0116,0.6,C,0.6,0.6,07.00 AM,56,10.30 PM
P0117,0.6,C,0.6,0.6,05.00 PM,150,10.30 PM
Q0008,0.6,C,0.6,0.6,07.00 AM,66,10.30 PM
S0020,0.6,C,0.6,0.6,07.00 AM,18,10.30 PM
S0032,0.6,C,0.6,0.6,05.00 PM,32,10.30 PM
S0033,0.6,C,0.6,0.6,07.00 AM,42,10.30 PM
S0049,0.6,C,0.6,0.6,07.00 AM,112,10.30 PM
S0055,0.6,C,0.6,0.6,02.00 PM,105,10.30 PM
S0102,0.6,C,0.6,0.6,05.00 PM,10,10.30 PM
S0106,0.6,C,0.6,0.6,07.00 AM,57,10.30 PM
S0108,0.6,C,0.6,0.6,07.00 AM,29,10.30 PM
S0112,0.6,C,0.6,0.6,07.00 AM,403,10.30 PM
S0150,0.6,C,0.6,0.6,07.00 AM,52,10.30 PM
S0156,0.6,C,0.6,0.6,07.00 AM,35,10.30 PM
S0160,0.6,C,0.6,0.6,07.00 AM,17,10.30 PM
S0166,0.6,C,0.6,0.6,07.00 AM,63,10.30 PM
S0171,0.6,C,0.6,0.6,07.00 AM,102,10.30 PM
T0017,0.6,C,0.6,0.6,07.00 AM,20,10.30 PM
T0043,0.6,C,0.6,0.6,07.00 AM,13,10.30 PM
T0060,0.6,C,0.6,0.6,07.00 AM,5,10.30 PM
T0062,0.6,C,0.6,0.6,07.00 AM,8,10.30 PM
T0070,0.6,C,0.6,0.6,07.00 AM,36,10.30 PM
T0074,0.6,C,0.6,0.6,07.00 AM,18,10.30 PM
T0103,0.6,C,0.6,0.6,07.00 AM,200,10.30 PM
T0104,0.6,C,0.6,0.6,07.00 AM,47,10.30 PM
T0107,0.6,C,0.6,0.6,07.00 AM,0,10.30 PM
T0129,0.6,C,0.6,0.6,07.00 AM,378,10.30 PM
T0130,0.6,C,0.6,0.6,07.00 AM,62,10.30 PM
T0140,0.6,C,0.6,0.6,07.00 AM,123,10.30 PM
T0141,0.6,C,0.6,0.6,07.00 AM,33,10.30 PM
T0146,0.6,C,0.6,0.6,07.00 AM,8,10.30 PM
U0003,0.6,C,0.6,0.6,07.00 AM,74,10.30 PM
U0013,0.6,C,0.6,0.6,07.00 AM,26,10.30 PM
U0014,0.6,C,0.6,0.6,07.00 AM,35,10.30 PM
U0016,0.6,C,0.6,0.6,07.00 AM,16,10.30 PM
U0021,0.6,C,0.6,0.6,07.00 AM,10,10.30 PM
U0030,0.6,C,0.6,0.6,07.00 AM,4,10.30 PM
U0036,0.6,C,0.6,0.6,07.00 AM,127,10.30 PM
U0037,0.6,C,0.6,0.6,07.00 AM,10,10.30 PM
U0039,0.6,C,0.6,0.6,07.00 AM,17,10.30 PM
U0042,0.6,C,0.6,0.6,07.00 AM,48,10.30 PM
U0044,0.6,C,0.6,0.6,07.00 AM,18,10.30 PM
U0045,0.6,C,0.6,0.6,07.00 AM,15,10.30 PM
V0007,0.6,C,0.6,0.6,07.00 AM,18,10.30 PM
W0029,0.6,C,0.6,0.6,07.00 AM,58,10.30 PM
Y0019,0.6,C,0.6,0.6,05.00 PM,15,10.30 PM
C0148,1.2,H,1.2,1.2,07.00 AM,7,10.30 PM
F0029,1.2,H,1.2,1.2,07.00 AM,85,10.30 PM
F0032,1.2,H,1.2,1.2,07.00 AM,137,10.30 PM
G0004,1.2,H,1.2,1.2,07.00 AM,216,10.30 PM
R0040,1.2,H,1.2,1.2,05.00 PM,51,10.30 PM
S0112,1.2,H,1.2,1.2,07.00 AM,21,10.30 PM
T0074,1.2,H,1.2,1.2,07.00 AM,0,10.30 PM
T0129,1.2,H,1.2,1.2,07.00 AM,11,10.30 PM
Y0017,1.2,H,1.2,1.2,07.00 AM,661,10.30 PM
P0096,0.7,C,0.7,0.7,05.00 PM,19,10.30 PM
A0007,0.8,C,0.8,0.8,05.00 PM,268,10.30 PM
A0007,0.65,M,0.65,0.65,07.00 AM,83,10.30 PM
A0011,0.65,M,0.65,0.65,07.00 AM,7,10.30 PM
A0017,0.65,M,0.65,0.65,07.00 AM,19,10.30 PM
A0024,0.65,M,0.65,0.65,07.00 AM,14,10.30 PM
A0035,0.65,M,0.65,0.65,07.00 AM,12,10.30 PM
B0031,0.65,M,0.65,0.65,07.00 AM,4,10.30 PM
B0032,0.65,M,0.65,0.65,07.00 AM,31,10.30 PM
B0063,0.65,M,0.65,0.65,07.00 AM,6,10.30 PM
B0087,0.65,M,0.65,0.65,07.00 AM,8,10.30 PM
B0088,0.65,M,0.65,0.65,07.00 AM,16,10.30 PM
C0133,0.65,M,0.65,0.65,07.00 AM,9,10.30 PM
C0134,0.65,M,0.65,0.65,07.00 AM,18,10.30 PM
C0148,0.65,M,0.65,0.65,07.00 AM,23,10.30 PM
C0162,0.65,M,0.65,0.65,07.00 AM,5,10.30 PM
D0026,0.65,M,0.65,0.65,07.00 AM,6,10.30 PM
D0028,0.65,M,0.65,0.65,07.00 AM,40,10.30 PM
E0011,0.65,M,0.65,0.65,07.00 AM,14,10.30 PM
E0023,0.65,M,0.65,0.65,07.00 AM,2,10.30 PM
E0024,0.65,M,0.65,0.65,07.00 AM,38,10.30 PM
E0027,0.65,M,0.65,0.65,07.00 AM,23,10.30 PM
F0032,0.65,M,0.65,0.65,07.00 AM,5,10.30 PM
G0004,0.65,M,0.65,0.65,07.00 AM,150,10.30 PM
H0003,0.65,M,0.65,0.65,07.00 AM,3,10.30 PM
H0004,0.65,M,0.65,0.65,07.00 AM,16,10.30 PM
H0011,0.65,M,0.65,0.65,07.00 AM,39,10.30 PM
H0024,0.65,M,0.65,0.65,07.00 AM,6,10.30 PM
J0017,0.65,M,0.65,0.65,07.00 AM,36,10.30 PM
J0051,0.65,M,0.65,0.65,07.00 AM,15,10.30 PM
J0054,0.65,M,0.65,0.65,07.00 AM,8,10.30 PM
J0055,0.65,M,0.65,0.65,07.00 AM,27,10.30 PM
J0092,0.65,M,0.65,0.65,07.00 AM,8,10.30 PM
J0100,0.65,M,0.65,0.65,07.00 AM,8,10.30 PM
J0122,0.65,M,0.65,0.65,07.00 AM,30,10.30 PM
K0034,0.65,M,0.65,0.65,07.00 AM,10,10.30 PM
K0037,0.65,M,0.65,0.65,07.00 AM,4,10.30 PM
K0039,0.65,M,0.65,0.65,07.00 AM,18,10.30 PM
K0081,0.65,M,0.65,0.65,07.00 AM,5,10.30 PM
K0082,0.65,M,0.65,0.65,07.00 AM,10,10.30 PM
K0111,0.65,M,0.65,0.65,07.00 AM,11,10.30 PM
K0121,0.65,M,0.65,0.65,07.00 AM,12,10.30 PM
L0064,0.65,M,0.65,0.65,07.00 AM,14,10.30 PM
L0078,0.65,M,0.65,0.65,07.00 AM,10,10.30 PM
L0104,0.65,M,0.65,0.65,07.00 AM,28,10.30 PM
L0107,0.65,M,0.65,0.65,07.00 AM,6,10.30 PM
L0117,0.65,M,0.65,0.65,07.00 AM,12,10.30 PM
L0123,0.65,M,0.65,0.65,07.00 AM,9,10.30 PM
L0124,0.65,M,0.65,0.65,07.00 AM,17,10.30 PM
L0125,0.65,M,0.65,0.65,07.00 AM,21,10.30 PM
M0040,0.65,M,0.65,0.65,07.00 AM,7,10.30 PM
M0059,0.65,M,0.65,0.65,07.00 AM,33,10.30 PM
M0076,0.65,M,0.65,0.65,07.00 AM,12,10.30 PM
M0078,0.65,M,0.65,0.65,07.00 AM,414,10.30 PM
M0084,0.65,M,0.65,0.65,07.00 AM,10,10.30 PM
M0088,0.65,M,0.65,0.65,07.00 AM,18,10.30 PM
N0012,0.65,M,0.65,0.65,07.00 AM,13,10.30 PM
N0013,0.65,M,0.65,0.65,07.00 AM,18,10.30 PM
O0028,0.65,M,0.65,0.65,07.00 AM,6,10.30 PM
P0013,0.65,M,0.65,0.65,07.00 AM,66,10.30 PM
P0033,0.65,M,0.65,0.65,07.00 AM,52,10.30 PM
P0048,0.65,M,0.65,0.65,07.00 AM,12,10.30 PM
P0054,0.65,M,0.65,0.65,07.00 AM,32,10.30 PM
P0093,0.65,M,0.65,0.65,07.00 AM,9,10.30 PM
P0094,0.65,M,0.65,0.65,07.00 AM,16,10.30 PM
P0106,0.65,M,0.65,0.65,07.00 AM,3,10.30 PM
P0109,0.65,M,0.65,0.65,07.00 AM,10,10.30 PM
P0113,0.65,M,0.65,0.65,07.00 AM,16,10.30 PM
P0117,0.65,M,0.65,0.65,07.00 AM,65,10.30 PM
Q0006,0.65,M,0.65,0.65,07.00 AM,19,10.30 PM
Q0008,0.65,M,0.65,0.65,07.00 AM,17,10.30 PM
R0040,0.65,M,0.65,0.65,07.00 AM,30,10.30 PM
S0020,0.65,M,0.65,0.65,07.00 AM,12,10.30 PM
S0033,0.65,M,0.65,0.65,07.00 AM,22,10.30 PM
S0044,0.65,M,0.65,0.65,07.00 AM,9,10.30 PM
S0049,0.65,M,0.65,0.65,07.00 AM,25,10.30 PM
S0055,0.65,M,0.65,0.65,07.00 AM,39,10.30 PM
S0106,0.65,M,0.65,0.65,07.00 AM,20,10.30 PM
S0108,0.65,M,0.65,0.65,07.00 AM,5,10.30 PM
S0112,0.65,M,0.65,0.65,07.00 AM,367,10.30 PM
S0150,0.65,M,0.65,0.65,07.00 AM,4,10.30 PM
S0166,0.65,M,0.65,0.65,07.00 AM,14,10.30 PM
S0171,0.65,M,0.65,0.65,07.00 AM,19,10.30 PM
T0017,0.65,M,0.65,0.65,07.00 AM,5,10.30 PM
T0062,0.65,M,0.65,0.65,07.00 AM,3,10.30 PM
T0074,0.65,M,0.65,0.65,07.00 AM,10,10.30 PM
T0103,0.65,M,0.65,0.65,07.00 AM,23,10.30 PM
T0104,0.65,M,0.65,0.65,07.00 AM,10,10.30 PM
T0129,0.65,M,0.65,0.65,07.00 AM,72,10.30 PM
T0130,0.65,M,0.65,0.65,07.00 AM,6,10.30 PM
T0140,0.65,M,0.65,0.65,07.00 AM,21,10.30 PM
T0141,0.65,M,0.65,0.65,07.00 AM,7,10.30 PM
T0146,0.65,M,0.65,0.65,07.00 AM,10,10.30 PM
U0014,0.65,M,0.65,0.65,07.00 AM,20,10.30 PM
U0021,0.65,M,0.65,0.65,07.00 AM,25,10.30 PM
U0036,0.65,M,0.65,0.65,07.00 AM,11,10.30 PM
U0042,0.65,M,0.65,0.65,07.00 AM,8,10.30 PM
V0007,0.65,M,0.65,0.65,07.00 AM,5,10.30 PM
W0029,0.65,M,0.65,0.65,07.00 AM,10,10.30 PM
W0055,0.65,M,0.65,0.65,07.00 AM,7,10.30 PM
Y0013,0.65,M,0.65,0.65,07.00 AM,14,10.30 PM
Y0019,0.65,M,0.65,0.65,07.00 AM,8,10.30 PM
A0011,1.2,C,1.2,0.6,07.00 AM,45,11.00 AM
A0035,0.6,C,0.6,0.6,07.00 AM,50,11.00 AM
B0087,0.6,C,0.6,0.6,07.00 AM,25,11.00 AM
C0133,1.2,C,1.2,0.6,07.00 AM,69,11.00 AM
K0039,0.6,C,0.6,0.6,07.00 AM,60,11.00 AM
N0013,0.6,C,0.6,0.6,07.00 AM,92,11.00 AM
P0013,1.2,C,1.2,0.6,07.00 AM,84,11.00 AM
P0111,0.6,C,0.6,0.6,07.00 AM,32,11.00 AM
P0117,1.2,C,1.2,0.6,07.00 AM,150,11.00 AM
W0055,0.6,C,0.6,0.6,07.00 AM,42,11.00 AM
A0007,1.3,C,1.3,0.7,07.00 AM,268,11.00 AM
B0032,0.6,C,0.7,0.7,07.00 AM,117,11.00 AM
